[{"kbe_cat_widget":["kbe_category_widget-4","kbe_article_widgets-2","recent-comments-6","kbe_tags_widgets-6"],"general-sidebar":["search-2","nav_menu-6","fbw_id-6","foodfarm_latest_tweet-3"],"blog-sidebar":["search-3","categories-3","recent-posts-3","recent-comments-3","tag_cloud-2","archives-4"],"recipe-sidebar":["search-4","foodfarm_recipe_categories-4","foodfarm-recent-recipes-3","recent-comments-5","tag_cloud-3"],"press-media-sidebar":["search-5","wp-customtype-archive-3","recent-comments-4","tag_cloud-4","fbw_id-2","foodfarm_instagram_feed-4"],"left-sidebar":["search-6","nav_menu-5"],"about-us":["search-7","nav_menu-7","fbw_id-5","foodfarm_latest_tweet-4"],"right-sidebar":["fbw_id-4","foodfarm_latest_tweet-2"],"left-footer":["custom_html-2"],"footer-column-1":["nav_menu-2"],"footer-column-2":["nav_menu-3"],"footer-column-3":["nav_menu-4"],"footer-column-4":["text-4"],"footer-service-1":["nav_menu-8"],"footer-service-2":["nav_menu-9"],"footer-service-3":["text-5"],"footer-store-1":["nav_menu-10"],"footer-store-2":["nav_menu-11"],"footer-store-3":["text-6"],"footer-store-4":["yith-woo-ajax-reset-navigation-9"],"footer-bakery-1":["text-7"],"footer-bakery-2":["nav_menu-12"],"footer-bakery-3":["nav_menu-13"],"footer-bakery-4":["nav_menu-14"],"footer7-1":["text-9"],"footer7-2":["text-8"],"footer7-3":["foodfarm_instagram_feed-5"],"footer7-4":["text-10"],"footer8-1":["nav_menu-15"],"footer8-2":["nav_menu-16"],"footer8-3":["text-11"],"footer8-4":["foodfarm_instagram_feed-6"],"footer8-5":["text-12"],"footer-newsletter":["mc4wp_form_widget-3"],"footer9-1":["text-13","text-14"],"footer9-2":["nav_menu-17"],"footer9-3":["nav_menu-18"],"footer9-4":["nav_menu-19"],"shop-sidebar":["yith-woo-ajax-reset-navigation-4","woocommerce_product_categories-3","woocommerce_price_filter-3","woocommerce_products-5","yith-woocompare-widget-2","woocommerce_widget_cart-2"],"single-product-sidebar":["woocommerce_product_categories-4","foodfarm_product_widget-4","yith-woocompare-widget-3","woocommerce_widget_cart-3"]},{"kbe_category_widget":{"4":{"txtKbeCatHeading":"Categories","txtKbeCatCount":"","title":false},"_multiwidget":1},"kbe_article_widgets":{"2":{"txtKbeArticleHeading":"[span] Recent [\/span] Posts","txtKbeArticleCount":"","txtKbeArticleOrder":"ASC","txtKbeArticleOrderBy":"name","title":false},"_multiwidget":1},"recent-comments":{"6":{"title":"[span] Latest [\/span] Comments","number":6},"3":{"title":"[span] Latest [\/span] Comments","number":6},"5":{"title":"[span] Latest [\/span] Comments","number":5},"4":{"title":"[span] Latest [\/span] Comments","number":5},"_multiwidget":1},"kbe_tags_widgets":{"6":{"txtKbeTagsHeading":"Tags","txtKbeTagsCount":"6","txtKbeTagsStyle":"flat","title":false},"_multiwidget":1},"search":{"2":{"title":"Search"},"3":{"title":"Search"},"4":{"title":"Search"},"5":{"title":"Search"},"6":{"title":"Search"},"7":{"title":"Search"},"_multiwidget":1},"nav_menu":{"6":{"title":"[span] We Are [\/span] Doing","nav_menu":100},"5":{"title":"About","nav_menu":98},"7":{"title":"About","nav_menu":98},"2":{"title":"Categories","nav_menu":86},"3":{"title":"Information","nav_menu":87},"4":{"title":"Policies","nav_menu":88},"8":{"title":"Services","nav_menu":109},"9":{"title":"Information","nav_menu":87},"10":{"title":"Shop By Category","nav_menu":86},"11":{"title":"Information","nav_menu":87},"12":{"title":"Our Products","nav_menu":120},"13":{"title":"Policies","nav_menu":88},"14":{"title":"Information","nav_menu":87},"15":{"title":"My account","nav_menu":141},"16":{"title":"Information","nav_menu":87},"17":{"title":"Our products","nav_menu":120},"18":{"title":"Policies","nav_menu":88},"19":{"title":"Information","nav_menu":87},"_multiwidget":1},"fbw_id":{"6":{"data_small_header":"","data_adapt_container_width":"","data_hide_cover":"","data_show_facepile":"on","data_show_posts":"on","title":"Like Us On Facebook","app_id":"503595753002055","fb_url":"http:\/\/www.facebook.com\/wordpress","width":"250","height":"350","custom_css":"","select_lng":"en_US"},"2":{"data_small_header":"","data_adapt_container_width":"","data_hide_cover":"","data_show_facepile":"on","data_show_posts":"on","title":"[span] Like Us On [\/span] Facebook","app_id":"","fb_url":"https:\/\/www.facebook.com\/arrowhitech\/?ref=ts&fref=ts","width":"263","height":"400","custom_css":"","select_lng":"en_US"},"5":{"data_small_header":"","data_adapt_container_width":"on","data_hide_cover":"","data_show_facepile":"","data_show_posts":"","title":"[span] Like Us on [\/span]  Facebook","app_id":"","fb_url":"https:\/\/www.facebook.com\/arrowhitech\/?ref=ts&fref=ts","width":"250","height":"350","custom_css":"","select_lng":"en_US"},"4":{"data_small_header":"","data_adapt_container_width":"on","data_hide_cover":"","data_show_facepile":"on","data_show_posts":"on","title":"[span] Like Us on [\/span]  Facebook","app_id":"","fb_url":"http:\/\/www.facebook.com\/arrowhitech","width":"","height":"400","custom_css":"","select_lng":"en_US"},"_multiwidget":1},"foodfarm_latest_tweet":{"3":{"title":"[span] Recent [\/span]  Tweets","tweet_limit":"3"},"4":{"title":"[span] Recent [\/span]  Tweets","tweet_limit":"3"},"2":{"title":"[span] Recent [\/span]  Tweets ","tweet_limit":"5"},"_multiwidget":1},"categories":{"3":{"title":"Categories","count":1,"hierarchical":0,"dropdown":0},"_multiwidget":1},"recent-posts":{"3":{"title":"[span] Recent [\/span] Posts","number":4,"show_date":true},"_multiwidget":1},"tag_cloud":{"2":{"title":"Tags","taxonomy":"post_tag"},"3":{"title":"Tags","taxonomy":"recipe_tag"},"4":{"title":"Tags","taxonomy":"post_tag"},"_multiwidget":1},"archives":{"4":{"title":"Archives","count":0,"dropdown":0},"_multiwidget":1},"foodfarm_recipe_categories":{"4":{"title":"Categories","count":1,"hierarchical":0,"dropdown":0},"_multiwidget":1},"foodfarm-recent-recipes":{"3":{"title":"[span] Recent [\/span] Posts","number":4,"show_date":true},"_multiwidget":1},"wp-customtype-archive":{"3":{"title":"Media","customtype":"pressmedia","display_style":"list","interval":"year","show_counts":0},"_multiwidget":1},"foodfarm_instagram_feed":{"4":{"title":"Instagram","number":"9"},"5":{"title":"Photo in Instagram","tag":"foodfarm","number":"6"},"6":{"title":"Photo gallery","tag":"foodfarm","number":"6"},"_multiwidget":1},"custom_html":{"2":{"title":"","content":"<p>Lori ipsum dolor sit amet, consectetur adipiscing elit. Curabitur ut iaculis arcu. Suspendisse vel enim ut nisl malesuada tristique ut vel nunc. Ut quis euismod est, in mattis tellus. Morbi lobortis ultrices purus, at tipor risus imperdiet sit amet. Nullam sit amet congue nulla.<\/p>\r\n\t\t\t\t\t\t\t\t<div class=\"info\">\r\n\t\t\t\t\t\t\t\t\t<ul class=\"list-info\">\r\n\t\t\t\t\t\t\t\t\t\t<li><i class=\"fa fa-map-marker\"><\/i> <span>19th Street, City, NY 95822, USA<\/span><\/li>\r\n\t\t\t\t\t\t\t\t\t\t<li><i class=\"fa fa-phone\"><\/i><span> Phone: <a href=\"callto:19168752235\">+1 916-875-2235<\/a><\/span><\/li>\r\n\t\t\t\t\t\t\t\t\t\t<li><i class=\"fa fa-fax\"><\/i><span> Fax: <a href=\"callto:19168752235\">+1 916-875-2235<\/a><\/span><\/li>\r\n\t\t\t\t\t\t\t\t\t\t<li><i class=\"fa fa-envelope\"><\/i><span> Email: <a href=\"mailto:info@domain.com\">info@domain.com<\/a><\/span><\/li>\r\n\t\t\t\t\t\t\t\t\t<\/ul>\r\n\t\t\t\t\t\t\t\t<\/div>"},"_multiwidget":1},"text":{"4":{"title":"Find Us","text":"<div class=\"menu-footer-content widget_nav_menu_findus\">\r\n<ul class=\"footer-menu\">\r\n<li class=\"page_item\">\r\n<a href=\"#\" target=\"_blank\"><i class=\"fa fa-facebook-square\"><\/i> Facebook<\/a><\/li>\r\n<li class=\"page_item\">\r\n<a href=\"#\" target=\"_blank\"><i class=\"fa fa-twitter-square\"><\/i> Twitter<\/a><\/li>\r\n<li class=\"page_item\"><a href=\"#\" target=\"_blank\"><i class=\"fa fa-google-plus-square\"><\/i> Google +<\/a>\t\r\n<\/li>\r\n<li class=\"page_item\"><a href=\"#\" target=\"_blank\"><i class=\"fa fa-youtube-square\"><\/i> Youtube<\/a>\r\n<\/li><li class=\"page_item\">\r\n<a href=\"#\" target=\"_blank\"><i class=\"fa fa-linkedin-square\"><\/i> Linkedin<\/a>\r\n<\/li>\r\n<\/ul>\r\n<\/div>\r\n\t\t\t\t\t\t\t\t\t\t","filter":false},"5":{"title":"Find Us","text":"<div class=\"menu-footer-content widget_nav_menu_findus\">\r\n<ul class=\"footer-menu\">\r\n<li class=\"page_item\">\r\n<a href=\"#\" target=\"_blank\"><i class=\"fa fa-facebook-square\"><\/i> Facebook<\/a><\/li>\r\n<li class=\"page_item\">\r\n<a href=\"#\" target=\"_blank\"><i class=\"fa fa-twitter-square\"><\/i> Twitter<\/a><\/li>\r\n<li class=\"page_item\"><a href=\"#\" target=\"_blank\"><i class=\"fa fa-google-plus-square\"><\/i> Google +<\/a>\t\r\n<\/li>\r\n<li class=\"page_item\"><a href=\"#\" target=\"_blank\"><i class=\"fa fa-youtube-square\"><\/i> Youtube<\/a>\r\n<\/li><li class=\"page_item\">\r\n<a href=\"#\" target=\"_blank\"><i class=\"fa fa-linkedin-square\"><\/i> Linkedin<\/a>\r\n<\/li>\r\n<\/ul>\r\n<\/div>\r\n\t\t\t\t\t\t\t\t\t\t","filter":false},"6":{"title":"Find Us","text":"<div class=\"menu-footer-content widget_nav_menu_findus\">\r\n<ul class=\"footer-menu\">\r\n<li class=\"page_item\">\r\n<a href=\"#\" target=\"_blank\"><i class=\"fa fa-facebook-square\"><\/i> Facebook<\/a><\/li>\r\n<li class=\"page_item\">\r\n<a href=\"#\" target=\"_blank\"><i class=\"fa fa-twitter-square\"><\/i> Twitter<\/a><\/li>\r\n<li class=\"page_item\"><a href=\"#\" target=\"_blank\"><i class=\"fa fa-google-plus-square\"><\/i> Google +<\/a>\t\r\n<\/li>\r\n<li class=\"page_item\"><a href=\"#\" target=\"_blank\"><i class=\"fa fa-youtube-square\"><\/i> Youtube<\/a>\r\n<\/li><li class=\"page_item\">\r\n<a href=\"#\" target=\"_blank\"><i class=\"fa fa-linkedin-square\"><\/i> Linkedin<\/a>\r\n<\/li>\r\n<\/ul>\r\n<\/div>","filter":false},"7":{"title":"Get In Touch","text":"<div class=\"info\">\r\n<ul class=\"list-info\">\r\n<li><i class=\"fa fa-map-marker\"><\/i> <span>19th Street, City, NY 95822, USA<\/span><\/li>\r\n<li><i class=\"fa fa-phone\"><\/i><span> Phone: <a href=\"callto:19168752235\">+1 916-875-2235<\/a><\/span><\/li>\r\n<li><i class=\"fa fa-fax\"><\/i><span> Fax: <a href=\"callto:19168752235\">+1 916-875-2235<\/a><\/span><\/li>\r\n<li><i class=\"fa fa-envelope\"><\/i><span> Email: <a href=\"mailto:info@domain.com\">info@domain.com<\/a><\/span><\/li>\r\n<li><i class=\"fa fa-clock-o\"><\/i><span> Open Daily: 8.00 AM - 21.00 PM<\/span><\/li>\r\n<\/ul>\r\n<\/div>","filter":false},"9":{"title":"About","text":"Lorem ipsum dolor amet consectetuer\r\nadipiscing nonummy nibh euismod \r\ntinciduntLorem ipsum dolor amet \r\nconsectetueradipiscing nonummy nibh \r\neuismod tincidunt\r\n<div class=\"menu-footer-social\">\r\n<ul class=\"footer-menu\">\r\n<li class=\"page_item\">\r\n<a href=\"#\" target=\"_blank\"><i class=\"fa fa-facebook\" aria-hidden=\"true\"><\/i> <\/a><\/li>\r\n<li class=\"page_item\">\r\n<a href=\"#\" target=\"_blank\"><i class=\"fa fa-twitter\" aria-hidden=\"true\"><\/i><\/a><\/li>\r\n<li class=\"page_item\"><a href=\"#\" target=\"_blank\"><i class=\"fa fa-instagram\" aria-hidden=\"true\"><\/i><\/a>\t\r\n<\/li>\r\n<li class=\"page_item\"><a href=\"#\" target=\"_blank\"><i class=\"fa fa-skype\" aria-hidden=\"true\"><\/i><\/a>\r\n<\/li>\r\n<\/ul>\r\n<\/div>\r\n","filter":false},"8":{"title":"Contact","text":"<div class=\"footer-contact-info\">\r\n<h5>Address<\/h5>\r\n<p>No 13, Sky Tower Street, New York, USA<\/p>\r\n<h5>Hotline<\/h5>\r\n<p><a href=\"callto:http:\/\/(+844) 123 456 78\">(+844) 123 456 78<\/a><\/p>\r\n<p><a href=\"callto:http:\/\/(+844) 888 97989\">(+844) 888 97989<\/a><\/p>\r\n<h5>Email<\/h5>\r\n<p><a href=\"mailto:http:\/\/contact@organicistore.com\">contact@organicistore.com<\/a><\/p>\r\n<\/div>","filter":false},"10":{"title":"","text":"<div class=\"footer-contact-time\">\r\n<div class=\"entry-title title-icon text-center  \">\r\n    <div class=\"icon-title\"><span class=\"icon-8\"><\/span><\/div>\r\n<\/div>\r\n<h5>Monday to Friday:<\/h5>\r\n<h4>08:00am - 08:00pm<\/h4>\r\n<h5>Saturday & Sunday:<\/h5>\r\n<h4>10:00am - 06:00pm<\/h4>\r\n<\/div>","filter":false},"11":{"title":"Follow us","text":"<div class=\"menu-footer-content widget_nav_menu_findus\">\r\n<ul class=\"footer-menu\">\r\n<li class=\"page_item\">\r\n<a href=\"#\" target=\"_blank\"><i class=\"fa fa-facebook\" aria-hidden=\"true\"><\/i> Facebook<\/a><\/li>\r\n<li class=\"page_item\">\r\n<a href=\"#\" target=\"_blank\"><i class=\"fa fa-twitter\" aria-hidden=\"true\"><\/i> Twitter<\/a><\/li>\r\n<li class=\"page_item\">\r\n<a href=\"#\" target=\"_blank\"><i class=\"fa fa-instagram\" aria-hidden=\"true\"><\/i> Instagram<\/a><\/li>\r\n<\/ul>\r\n<\/div>\r\n\t\t\t\t\t\t\t\t\t\t","filter":false},"12":{"title":"Contact info","text":"<p>Lorem ipsum dolor sit amet, consectetur adipisicing elit, sed do eiusmod tempor incididunt<\/p>\r\n<div class=\"info\">\r\n\t<ul class=\"list-info\">\r\n\t\t<li><i class=\"fa fa-home\" aria-hidden=\"true\"><\/i> <span>15th Avenue, 15 362, Colorado<\/span><\/li>\r\n\t\t<li><i class=\"fa fa-phone\"><\/i><span> <a href=\"callto:19168752235\">(+00) 1234 56 789<\/a><\/span><\/li>\r\n\t\t<li><i class=\"space-5\"><\/i><span> <a href=\"callto:19168752235\">(+00) 1234 56 789<\/a><\/span><\/li>\r\n\t\t<li><i class=\"fa fa-envelope\"><\/i><span> Email: <a href=\"mailto:support@blthemes.com\">support@blthemes.com<\/a><\/span><\/li>\r\n\t<\/ul>\r\n<\/div>","filter":false},"13":{"title":"Get in touch","text":"<div class=\"info\">\r\n<ul class=\"list-info\">\r\n<li><i class=\"fa fa-map-marker\"><\/i> <span>19th Street, City, NY 95822, USA<\/span><\/li>\r\n<li><i class=\"fa fa-phone\"><\/i><span> Phone: <a href=\"callto:19168752235\">+1 916-875-2235<\/a><\/span><\/li>\r\n<li><i class=\"fa fa-fax\"><\/i><span> Fax: <a href=\"callto:19168752235\">+1 916-875-2235<\/a><\/span><\/li>\r\n<li><i class=\"fa fa-envelope\"><\/i><span> Email: <a href=\"mailto:info@domain.com\">info@domain.com<\/a><\/span><\/li>\r\n<li><i class=\"fa fa-clock-o\"><\/i><span> Open Daily: 8.00 AM - 21.00 PM<\/span><\/li>\r\n<\/ul>\r\n<\/div>\r\n","filter":false},"14":{"title":"","text":"<div class=\"menu-footer-social\">\r\n<ul class=\"footer-menu\">\r\n<li class=\"page_item\">\r\n<a href=\"#\" target=\"_blank\"><i class=\"fa fa-facebook\" aria-hidden=\"true\"><\/i> <\/a><\/li>\r\n<li class=\"page_item\">\r\n<a href=\"#\" target=\"_blank\"><i class=\"fa fa-twitter\" aria-hidden=\"true\"><\/i><\/a><\/li>\r\n<li class=\"page_item\"><a href=\"#\" target=\"_blank\"><i class=\"fa fa-instagram\" aria-hidden=\"true\"><\/i><\/a>\t\r\n<\/li>\r\n<li class=\"page_item\"><a href=\"#\" target=\"_blank\"><i class=\"fa fa-skype\" aria-hidden=\"true\"><\/i><\/a>\r\n<\/li>\r\n<\/ul>\r\n<\/div>","filter":false},"_multiwidget":1},"yith-woo-ajax-reset-navigation":{"9":{"title":"","label":"Reset All Filters"},"4":{"title":"[span]Currently[\/span] filter","label":"Clear All"},"_multiwidget":1},"mc4wp_form_widget":{"3":{"title":false},"_multiwidget":1},"woocommerce_product_categories":{"3":{"title":"[span]By[\/span] Categories","orderby":"order","dropdown":0,"count":0,"hierarchical":1,"show_children_only":0,"hide_empty":0},"4":{"title":"Categories","orderby":"name","dropdown":0,"count":1,"hierarchical":1,"show_children_only":0,"hide_empty":0},"_multiwidget":1},"woocommerce_price_filter":{"3":{"title":"[span]By[\/span] Price"},"_multiwidget":1},"woocommerce_products":{"5":{"title":"[span]Recent[\/span] Products","number":3,"show":"","orderby":"date","order":"desc","hide_free":0,"show_hidden":0},"_multiwidget":1},"yith-woocompare-widget":{"2":{"title":"Compare"},"3":{"title":"Compare"},"_multiwidget":1},"woocommerce_widget_cart":{"2":{"title":"[span]Shopping[\/span] Cart","hide_if_empty":0},"3":{"title":"[span]Shopping[\/span] Cart","hide_if_empty":0},"_multiwidget":1},"foodfarm_product_widget":{"4":{"title":"[span]Recent[\/span] Products","number":"3","show":"recent"},"_multiwidget":1}}]