[{"general-sidebar":["search-2","recent-posts-2","recent-comments-2","archives-2","categories-2","meta-2","hb_widget_carousel-1","hb_widget_search-1"],"blog-sidebar":["search-4","categories-3","recent-comments-3","arrowpress_instagram_feed-2","arrowpress_latest_tweet-2"],"footer2-column-1":["text-4"],"footer2-column-2":["text-5"],"footer3-column-1":["nav_menu-2"],"footer3-column-2":["custom_html-2"],"shop-sidebar":["woocommerce_product_categories-2","woocommerce_price_filter-2","woocommerce_product_tag_cloud-2"],"room-sidebar":["hb_widget_cart-2","hb_widget_search-4"],"book-room":["hb_widget_search-3"]},{"search":{"2":{"title":"Search"},"4":{"title":"Search"},"_multiwidget":1},"recent-posts":{"2":{"title":"Recent Posts","number":5},"_multiwidget":1},"recent-comments":{"2":{"title":"Recent Comments","number":5},"3":{"title":"Recent Comments","number":5},"_multiwidget":1},"archives":{"2":{"title":"Archives","count":0,"dropdown":0},"_multiwidget":1},"categories":{"2":{"title":"Categories","count":0,"hierarchical":0,"dropdown":0},"3":{"title":"Categories","count":1,"hierarchical":1,"dropdown":0},"_multiwidget":1},"meta":{"2":{"title":"Meta"},"_multiwidget":1},"hb_widget_carousel":{"1":{"title":false,"rooms":"10","number":"4","row_number":"2","text_link":"","nav":"1","pagination":"1"},"_multiwidget":1},"hb_widget_search":{"1":{"title":"Search","show_title":"true","show_label":"true"},"4":{"title":"Reservation","show_title":"false","show_label":"false"},"3":{"title":"Reservation","show_title":"true","show_label":"true"},"_multiwidget":1},"arrowpress_instagram_feed":{"2":{"title":"Instagram","tag":"","number":"9"},"_multiwidget":1},"arrowpress_latest_tweet":{"2":{"title":"Latest Tweet","tweet_limit":"3"},"_multiwidget":1},"text":{"4":{"title":"LOCATION","text":"14 Tottenham Court Road, London, England\r\n\r\n<a href=\"callto:(102)3456789\">(102) 3456 789<\/a>\r\n\r\n<a href=\"mailto:info@yourdomain.com\">info@yourdomain.com<\/a>","filter":true,"visual":true},"5":{"title":"ANOTHER CONTACTS","text":"<p><a href=\"mailto:accsupport@gmail.com\"><i class=\"fa fa-envelope-o\" aria-hidden=\"true\"><\/i>accsupport@gmail.com<\/a><\/p>\r\n<p><a href=\"#\"><i class=\"fa fa-picture-o\" aria-hidden=\"true\"><\/i>View Our Gallery<\/a><\/p>","filter":true,"visual":true},"_multiwidget":1},"nav_menu":{"2":{"nav_menu":32},"_multiwidget":1},"custom_html":{"2":{"title":"","content":"<div class=\"social-list\">\r\n<a href=\"#\"><i class=\"fa fa-youtube\"><\/i><\/a>\r\n<a href=\"#\"><i class=\"fa fa-twitter\"><\/i><\/a>\r\n<a href=\"#\"><i class=\"fa fa-pinterest\"><\/i><\/a>\r\n<a href=\"#\"><i class=\"fa fa-instagram\"><\/i><\/a>\r\n<\/div>"},"_multiwidget":1},"woocommerce_product_categories":{"2":{"title":"Categories","orderby":"name","dropdown":0,"count":0,"hierarchical":1,"show_children_only":0,"hide_empty":0,"max_depth":""},"_multiwidget":1},"woocommerce_price_filter":{"2":{"title":"Filter price"},"_multiwidget":1},"woocommerce_product_tag_cloud":{"2":{"title":"Product tags"},"_multiwidget":1},"hb_widget_cart":{"2":{"title":"Your Booking"},"_multiwidget":1}}]