[{"general-sidebar":["search-2","recent-posts-2","recent-comments-2","archives-2","categories-2","meta-2"],"blog-sidebar":["categories-3","recent-posts-5"],"footer-top-column-1":["nav_menu-2"],"footer-top-column-2":["nav_menu-3"],"footer-top-column-3":["text-2"],"footer-top-column-4":["media_image-2","text-3"],"footer-column-1":["nav_menu-9"],"footer-column-2":["nav_menu-10"],"footer-column-3":["nav_menu-11"],"footer2-column-2":["nav_menu-4"],"footer2-column-3":["nav_menu-6"],"footer2-column-4":["nav_menu-5"],"footer2-column-5":["tag_cloud-2"],"footer3-column-1":["nav_menu-8"],"footer3-column-2":["apr-recent-gallery-3"],"footer3-column-3":["apr_contact_info_widget-17"],"footer4-column-1":["apr_contact_info_widget-18","apr_social_widget-9"],"footer4-column-2":["nav_menu-12"],"footer4-column-3":["text-4"],"footer4-column-4":["recent-posts-3"],"footer5-column-1":["text-19"],"footer5-column-2":["apr_contact_info_widget-16"],"footer5-column-3":["recent-posts-4"],"footer5-column-4":["arrowpress_latest_tweet-3"],"footer51-column-1":["text-16","mc4wp_form_widget-3"],"footer51-column-2":["apr_social_widget-2"],"footer6-column-2":["text-6"],"footer6-column-3":["nav_menu-13"],"shop-sidebar":["woocommerce_product_categories-3"]},{"search":{"2":{"title":""},"_multiwidget":1},"recent-posts":{"2":{"title":"","number":5},"5":{"title":"Latest Posts","number":3,"show_date":true},"3":{"title":"Recent Posts","number":3,"show_date":true},"4":{"title":"Recent Posts","number":4,"show_date":true},"_multiwidget":1},"recent-comments":{"2":{"title":"","number":5},"_multiwidget":1},"archives":{"2":{"title":"","count":0,"dropdown":0},"_multiwidget":1},"categories":{"2":{"title":"","count":0,"hierarchical":0,"dropdown":0},"3":{"title":"Blog Categories","count":0,"hierarchical":1,"dropdown":0},"_multiwidget":1},"meta":{"2":{"title":""},"_multiwidget":1},"nav_menu":{"2":{"title":"About Us","nav_menu":29},"3":{"title":"My Account","nav_menu":30},"9":{"title":"My account","nav_menu":30},"10":{"title":"About Us","nav_menu":29},"11":{"title":"Services & Support","nav_menu":28},"4":{"title":"Useful links","nav_menu":28},"6":{"title":"My Account","nav_menu":30},"5":{"title":"Link","nav_menu":29},"8":{"title":"Information","nav_menu":18},"12":{"title":"Buying Guide","nav_menu":18},"13":{"title":"Poppular Searches","nav_menu":17},"_multiwidget":1},"text":{"2":{"title":"Open time","text":"<ul class=\"list-time\">\r\n \t<li>Mon - Fri: 8AM - 10PM<\/li>\r\n \t<li>Sat: 9AM - 8PM<\/li>\r\n \t<li>Sun: Closed<\/li>\r\n \t<li>We Work All The Holidays<\/li>\r\n<\/ul>","filter":true,"visual":true},"3":{"title":"About us","text":"Aki is an indoor play centre based in Cumbernauld just off the M80 Motorway connecting Glasgow and Stirling and on to Edinburgh.\r\nThe centre caters for children from babies to kids up to age 14 and has different zones to challenge each age-group.","filter":true,"visual":true},"4":{"title":"About Us","text":"<p class=\"desc-about\">We have been offering affordable upbringing opportunities since 1996, combining knowledge and entertainment.<\/p>\r\n\r\n<ul class=\"list-time\">\r\n \t<li>Mornings:8 am - 12 pm<\/li>\r\n \t<li>Afternoons:1 pm - 5 pm<\/li>\r\n \t<li>Full Day:8 am - 5 pm<\/li>\r\n<\/ul>","filter":true,"visual":true},"19":{"title":"About us","text":"Ami is an indoor play centre based in Cumbernauld just off the M80 Motorway connecting Glasgow and Stirling and on to Edinburgh.\r\n\r\nThe centre caters for children from babies to kids up to age 14 and has different zones to challenge each age-group.","filter":true,"visual":true},"16":{"title":"","text":"<img class=\"alignnone wp-image-1946 size-full\" src=\"https:\/\/demo.arrowtheme.com\/aki\/wp-content\/uploads\/2017\/07\/logo-footer-5.png\" alt=\"\" width=\"121\" height=\"85\" \/> <span class=\"text-up\"> up your inbox! <\/span>","filter":true,"visual":true},"6":{"title":"What people say","text":"Phasellus rhoncus quis nunc vitae\r\ndapibus. Integer vehicula urna\r\nut nisl ullamcorper...\r\n<p class=\"time\">Janna Jay, 21 . December 2017.<\/p>\r\n<a href=\"#\">Read more<\/a>","filter":true,"visual":true},"_multiwidget":1},"media_image":{"2":{"attachment_id":35,"url":"https:\/\/demo.arrowtheme.com\/aki\/wp-content\/uploads\/2017\/07\/img-footer-1.png","title":"","size":"full","width":266,"height":107,"caption":"","alt":"","link_type":"none","link_url":"","image_classes":"","link_classes":"","link_rel":"","image_title":"","link_target_blank":false},"_multiwidget":1},"tag_cloud":{"2":{"title":"Tag","count":0,"taxonomy":"product_tag"},"_multiwidget":1},"apr-recent-gallery":{"3":{"title":"Our Gallerry","number":6,"show_date":false},"_multiwidget":1},"apr_contact_info_widget":{"17":{"title":"Contact","desc":"","address":"2\/45 Tower Street, New York, USA","phone":"+84123456789","fax":"+84123456789","time":"Monday to Saturday 10.30 AM to 7 PM","mail":"contact@kid.com","link":""},"18":{"title":"Contact info","desc":"","address":"2\/45 Tower Street, New York, USA","phone":"+84123456789","fax":"+84123456789","time":"Monday to Saturday 10.30 AM to 7 PM","mail":"contact@kid.com","link":""},"16":{"title":"Contact","desc":"Give us a call, or send us an email if you\u2019d like to get in touch.","address":"2\/45 Tower Street, New York, USA","phone":"+84123456789","fax":"+84123456789","time":"Monday to Saturday 10.30 AM to 7 PM","mail":"contact@kid.com","link":"www.kid.com"},"_multiwidget":1},"apr_social_widget":{"9":{"title":"","facebook":"#","twitter":"#","instagram":"#","pinterest":"#","google":"","linkedin":"","youtube":""},"2":{"title":"","facebook":"#","twitter":"#","instagram":"#","pinterest":"","google":"#","linkedin":"#","youtube":"#"},"_multiwidget":1},"arrowpress_latest_tweet":{"3":{"title":"Latest Tweets","tweet_limit":"3"},"_multiwidget":1},"mc4wp_form_widget":{"3":{"title":""},"_multiwidget":1},"woocommerce_product_categories":{"3":{"title":"Product categories","parent_id":"0","orderby":"name","dropdown":0,"count":0,"hierarchical":1,"show_parent_cat":0,"show_children_only":0,"hide_empty":0},"_multiwidget":1}}]