[{"general-sidebar":["search-2","recent-posts-2","recent-comments-2","archives-2","categories-2","meta-2"],"blog-sidebar":["search-3","categories-3","recent-posts-3","tag_cloud-2"],"footer-column-1":["apr_contact_info_widget-2","nav_menu-2"],"footer-column-2":["nav_menu-5"],"footer-column-3":["nav_menu-7"],"footer-column-4":["arrowpress_instagram_feed-2"],"footer2-column-1":["nav_menu-6"],"footer2-column-2":["mc4wp_form_widget-2"],"footer3-column-1":["apr_contact_info_widget-3"],"footer3-column-2":["mc4wp_form_widget-3"],"shop-sidebar":["woocommerce_product_search-2","woocommerce_product_categories-2","woocommerce_price_filter-2","woocommerce_top_rated_products-2","rev-slider-widget-2","woocommerce_product_tag_cloud-2"],"single-product-sidebar":["woocommerce_product_search-3","woocommerce_product_categories-3","woocommerce_top_rated_products-3","rev-slider-widget-3","woocommerce_product_tag_cloud-3"]},{"search":{"2":{"title":""},"3":{"title":""},"_multiwidget":1},"recent-posts":{"2":{"title":"","number":5},"3":{"title":"POPULAR POSTS","number":3,"show_date":true},"_multiwidget":1},"recent-comments":{"2":{"title":"","number":5},"_multiwidget":1},"archives":{"2":{"title":"","count":0,"dropdown":0},"_multiwidget":1},"categories":{"2":{"title":"","count":0,"hierarchical":0,"dropdown":0},"3":{"title":"Categories","count":1,"hierarchical":0,"dropdown":0},"_multiwidget":1},"meta":{"2":{"title":""},"_multiwidget":1},"tag_cloud":{"2":{"title":"Popular tags","taxonomy":"post_tag"},"_multiwidget":1},"apr_contact_info_widget":{"2":{"title":"[CO]Contact us","address":"2\/45 Tower Street, New York, USA","phone":"00126788899","mail":"contact@bonfire.com","link":"https:\/\/demo.arrowtheme.com\/bonfire"},"3":{"title":"Contact us","address":"1800 Abbot Kinney Blvd. Unit D , Venice","phone":"00126788899","mail":"bonfire@gmail.com","link":""},"_multiwidget":1},"nav_menu":{"2":{"title":"[IO]Information","nav_menu":60},"5":{"title":"[IO]Information","nav_menu":60},"7":{"title":"[IF]Infomation","nav_menu":60},"6":{"nav_menu":7},"_multiwidget":1},"arrowpress_instagram_feed":{"2":{"title":"[IN]Instagram","tag":"","number":"6"},"_multiwidget":1},"mc4wp_form_widget":{"2":{"title":"Subscribe"},"3":{"title":"Newsletter"},"_multiwidget":1},"woocommerce_product_search":{"2":{"title":""},"3":{"title":""},"_multiwidget":1},"woocommerce_product_categories":{"2":{"title":"Categories","orderby":"name","dropdown":0,"count":1,"hierarchical":1,"show_children_only":0,"hide_empty":0},"3":{"title":"Categories","orderby":"name","dropdown":0,"count":1,"hierarchical":1,"show_children_only":0,"hide_empty":0},"_multiwidget":1},"woocommerce_price_filter":{"2":{"title":"Filter by price"},"_multiwidget":1},"woocommerce_top_rated_products":{"2":{"title":"Popular Products","number":3},"3":{"title":"Popular Products","number":3},"_multiwidget":1},"rev-slider-widget":{"2":{"rev_slider_title":"","rev_slider":"4","rev_slider_pages":""},"3":{"rev_slider_title":"","rev_slider":"4","rev_slider_pages":""},"_multiwidget":1},"woocommerce_product_tag_cloud":{"2":{"title":"Product tags"},"3":{"title":"Popular tags"},"_multiwidget":1}}]