[{"general-sidebar":["search-2","recent-posts-2","recent-comments-2","archives-2","categories-2","meta-2"],"blog-sidebar":["search-3","categories-3","recent-comments-3","franco_instagram_feed-2","tag_cloud-2"],"menu-features":["nav_menu-5"],"footer-newsletter":["mc4wp_form_widget-2"],"footer-column-1":["text-2"],"footer-column-2":["nav_menu-2"],"footer-column-3":["text-3"],"footer2-column-1":["text-5"],"footer2-column-2":["nav_menu-4"],"footer2-column-4":["text-6"],"footer3-column-1":["nav_menu-3"],"footer3-column-2":["text-4"],"footer3-column-3":["mc4wp_form_widget-3"],"footer7-column-1":["text-7"],"footer7-column-2":["nav_menu-6"],"footer7-column-3":["tag_cloud-3"],"footer8-column-1":["text-8"],"footer8-column-2":["nav_menu-7"],"footer8-column-3":["text-10"],"footer9-column-1":["nav_menu-8"],"footer9-column-2":["nav_menu-9"],"footer9-column-3":["text-11"],"footer9-column-4":["text-12"],"footer10-column-1":["nav_menu-10"],"footer10-column-2":["nav_menu-11"],"footer10-column-3":["text-13"],"footer10-column-4":["text-14"],"shop-sidebar":["woocommerce_product_categories-2","woocommerce_price_filter-2","yith-woo-ajax-navigation-2","yith-woo-ajax-navigation-3","yith-woo-ajax-reset-navigation-2","woocommerce_layered_nav-2","franco_brands-3","yith-woocompare-widget-2"],"single-product-sidebar":["woocommerce_product_categories-3","franco_brands-2","yith-woocompare-widget-3"]},{"search":{"2":{"title":"Search"},"3":{"title":""},"_multiwidget":1},"recent-posts":{"2":{"title":"Recent Posts","number":5},"_multiwidget":1},"recent-comments":{"2":{"title":"Recent Comments","number":5},"3":{"title":"Recent comment","number":6},"_multiwidget":1},"archives":{"2":{"title":"Archives","count":0,"dropdown":0},"_multiwidget":1},"categories":{"2":{"title":"Categories","count":0,"hierarchical":0,"dropdown":0},"3":{"title":"Categories","count":0,"hierarchical":1,"dropdown":0},"_multiwidget":1},"meta":{"2":{"title":"Meta"},"_multiwidget":1},"franco_instagram_feed":{"2":{"title":"#Instagram","tag":"franco","number":"6"},"_multiwidget":1},"tag_cloud":{"2":{"title":"Popular tags","taxonomy":"post_tag"},"3":{"title":"Popular Tags","taxonomy":"post_tag"},"_multiwidget":1},"nav_menu":{"5":{"nav_menu":67},"2":{"title":"Navigation","nav_menu":23},"4":{"title":"Navigation","nav_menu":23},"3":{"title":"Navigation","nav_menu":23},"6":{"title":"Archives","nav_menu":94},"7":{"title":"Archives","nav_menu":94},"8":{"title":"Navigation","nav_menu":171},"9":{"title":"Categories","nav_menu":167},"10":{"title":"Navigation","nav_menu":169},"11":{"title":"Information","nav_menu":170},"_multiwidget":1},"mc4wp_form_widget":{"2":{"title":"Newsletter"},"3":{"title":"Newsletter"},"_multiwidget":1},"text":{"2":{"title":"About Franco","text":"Aliquam tempor sagittis neque, vel aliquam risus consectetur vel. Aenean hendrerit, elit a lacinia suscipit, orci mauris vulputate mi, eu interdum nunc diam at ipsum. \r\n\r\n","filter":false},"3":{"title":"Shop Location","text":"<ul class=\"location\">\r\n\t<li>\r\n\t\t<i class=\"fa fa-map-o\" aria-hidden=\"true\"><\/i>\r\n\t\t<p>500 Hennessy Road<\/p><p>Causeway Bay, Hong Kong<\/p>\r\n\t<\/li>\r\n\t<li>\r\n\t\t<i class=\"fa fa-phone\" aria-hidden=\"true\"><\/i>\r\n\t\t<p><a href=\"callto:01234567890\">+1 23456789<\/a><\/p>\r\n\t<\/li>\r\n\t<li>\r\n\t\t<i class=\"fa fa-envelope-o\" aria-hidden=\"true\"><\/i>\r\n\t\t<p><a href=\"mailto:contact@yourdomain.com\">contact@yourdomain.com<\/a><\/p>\r\n\t<\/li>\r\n<\/ul>","filter":false},"5":{"title":"About Franco","text":"Aliquam tempor sagittis neque, vel aliquam risus consectetur vel. Aenean hendrerit, elit a lacinia suscipit, orci mauris vulputate mi, eu interdum nunc diam at ipsum. \r\n","filter":false},"6":{"title":"Shop Location","text":"<ul class=\"location\">\r\n\t<li>\r\n\t\t<i class=\"fa fa-map-o\" aria-hidden=\"true\"><\/i>\r\n\t\t<p>500 Hennessy Road<\/p><p>Causeway Bay, Hong Kong<\/p>\r\n\t<\/li>\r\n\t<li>\r\n\t\t<i class=\"fa fa-phone\" aria-hidden=\"true\"><\/i>\r\n\t\t<p><a href=\"callto:01234567890\">+1 23456789<\/a><\/p>\r\n\t<\/li>\r\n\t<li>\r\n\t\t<i class=\"fa fa-envelope-o\" aria-hidden=\"true\"><\/i>\r\n\t\t<p><a href=\"mailto:contact@yourdomain.com\">contact@yourdomain.com<\/a><\/p>\r\n\t<\/li>\r\n<\/ul>","filter":false},"4":{"title":"About Franco","text":"Aliquam tempor sagittis neque, vel aliquam risus consectetur vel. Aenean hendrerit, elit a lacinia suscipit, orci mauris vulputate mi, eu interdum nunc diam at ipsum. \r\n\r\n","filter":false},"7":{"title":"About Franco","text":"Aliquam tempor sagittis neque, vel aliquam risus consectetur vel. Aenean hendrerit, elit a lacinia suscipit, orci mauris vulputate mi, eu interdum nunc diam at ipsum. \r\n\r\n","filter":false},"8":{"title":"About Franco","text":"Aliquam tempor sagittis neque, vel aliquam risus consectetur vel. Aenean hendrerit, elit a lacinia suscipit, orci mauris vulputate mi, eu interdum nunc diam at ipsum. \r\n","filter":false},"10":{"title":"Contact Me","text":"<ul class=\"location\">\r\n\t<li>\r\n\t\t<i class=\"fa fa-map-o\" aria-hidden=\"true\"><\/i>\r\n\t\t<p>500 Hennessy Road<\/p><p>Causeway Bay, Hong Kong<\/p>\r\n\t<\/li>\r\n\t<li>\r\n\t\t<i class=\"fa fa-phone\" aria-hidden=\"true\"><\/i>\r\n\t\t<p><a href=\"callto:01234567890\">+1 23456789<\/a><\/p>\r\n\t<\/li>\r\n\t<li>\r\n\t\t<i class=\"fa fa-envelope-o\" aria-hidden=\"true\"><\/i>\r\n\t\t<p><a href=\"mailto:contact@yourdomain.com\">contact@yourdomain.com<\/a><\/p>\r\n\t<\/li>\r\n<\/ul>","filter":false},"11":{"title":"Follow us","text":"<div style=\"display:none;\"><\/div>\r\n","filter":false},"12":{"title":"Fraco D\u00e9cor","text":"In commodo dolor vitae sem vulputate pellentesque. Aliquam sit amet mattis mi. Proin sed nulla mi. Curabitur commodo lectus sit amet leo dignissim, id tempus nisl pellentesque. Interdum et malesuada fames ac ante ipsum primis in faucibus.  ","filter":false},"13":{"title":"Follow Us","text":"<div style=\"display:none;\"><\/div>","filter":false},"14":{"title":"Shop Location","text":"<ul class=\"location\">\r\n\t<li>\r\n\t\t<i class=\"fa fa-map-o\" aria-hidden=\"true\"><\/i>\r\n\t\t<p>500 Hennessy Road<\/p><p>Causeway Bay, Hong Kong<\/p>\r\n\t<\/li>\r\n\t<li>\r\n\t\t<i class=\"fa fa-phone\" aria-hidden=\"true\"><\/i>\r\n\t\t<p><a href=\"callto:01234567890\">+1 23456789<\/a><\/p>\r\n\t<\/li>\r\n\t<li>\r\n\t\t<i class=\"fa fa-envelope-o\" aria-hidden=\"true\"><\/i>\r\n\t\t<p><a href=\"mailto:contact@yourdomain.com\">contact@yourdomain.com<\/a><\/p>\r\n\t<\/li>\r\n<\/ul>","filter":false},"_multiwidget":1},"woocommerce_product_categories":{"2":{"title":"Categories","orderby":"order","dropdown":0,"count":0,"hierarchical":1,"show_children_only":0,"hide_empty":0},"3":{"title":"Categories","orderby":"name","dropdown":0,"count":0,"hierarchical":1,"show_children_only":0,"hide_empty":0},"_multiwidget":1},"woocommerce_price_filter":{"2":{"title":"Shop by price"},"_multiwidget":1},"yith-woo-ajax-navigation":{"2":{"title":"Shop By Color","attribute":"color","query_type":"or","type":"color","colors":{"142":"#ffffff","144":"#1e73be","153":"#81d742","152":"#dd3333","143":"#000000","150":"#eeee22"},"multicolor":[],"labels":[],"display":"all","extra_class":""},"3":{"title":"Shop By Size","attribute":"size","query_type":"or","type":"label","colors":[],"multicolor":[],"labels":{"148":"L","147":"M","146":"S","149":"XL","145":"XS"},"display":"all","extra_class":""},"_multiwidget":1},"yith-woo-ajax-reset-navigation":{"2":{"title":"","label":"Reset All Filters"},"_multiwidget":1},"woocommerce_layered_nav":{"2":{"title":"Filter by","attribute":"","display_type":"list","query_type":"and"},"_multiwidget":1},"franco_brands":{"3":{"title":"BY MANUFACTURER","count":0,"hierarchical":0,"dropdown":0},"2":{"title":"BY MANUFACTURER","count":1,"hierarchical":0,"dropdown":0},"_multiwidget":1},"yith-woocompare-widget":{"2":{"title":"Compare"},"3":{"title":"Compare"},"_multiwidget":1}}]