[{"blog_sidebar":["search-2","categories-2","tm-posts-widget-2","instagram-widget-4"],"shop_sidebar":["woocommerce_product_categories-2","berocket_aapf_single-2","brand-2","berocket_aapf_single-3","woocommerce_top_rated_products-2","woocommerce_product_tag_cloud-2"],"shop_sidebar_left":["woocommerce_product_categories-3","berocket_aapf_single-4","brand-3","berocket_aapf_single-5"],"shop_sidebar_right":["woocommerce_top_rated_products-3","yith-woocompare-widget-2","woocommerce_product_tag_cloud-3"],"footer-newsletter":["mc4wp_form_widget-2"],"footer-instagram":["custom_html-2"],"footer-column-1":["nav_menu-2"],"footer-column-2":["nav_menu-3"],"footer-column-3":["nav_menu-4"],"footer-column-4":["nav_menu-5"],"footer-column-5":["tm-contact-widget-2"],"footer2-column-1":["tm-contact-widget-3"],"footer2-column-2":["nav_menu-6"],"footer2-column-3":["nav_menu-7"],"footer2-column-4":["instagram-widget-3"],"footer2-home-wine":["woocommerce_products-3"],"footer3-column-1":["tm-logo-widget-2","tm-contact-widget-4"],"footer3-column-2":["nav_menu-8"],"footer3-column-3":["nav_menu-9"],"footer3-column-4":["nav_menu-10"],"footer3-column-5":["nav_menu-11"],"footer4-column-1":["nav_menu-12"],"footer4-column-2":["nav_menu-13"],"footer4-column-3":["nav_menu-14"],"footer4-column-4":["nav_menu-15"],"humburger_menu_sidebar":["text-2","woocommerce_products-2","tm-contact-widget-5","tm-social-widget-2"],"first-menu-header-5":["nav_menu-16"]},{"search":{"2":{"title":"Search"},"_multiwidget":1},"categories":{"2":{"title":"Categories","count":1,"hierarchical":0,"dropdown":0},"_multiwidget":1},"tm-posts-widget":{"2":{"style":"01","title":"Popular posts","cat":"18","show_thumbnail":1,"show_categories":1,"show_date":1,"num":4},"_multiwidget":1},"instagram-widget":{"4":{"title":"Instagram","tag":"","number":"3"},"3":{"title":"Instagram","tag":"","number":"8"},"_multiwidget":1},"woocommerce_product_categories":{"2":{"title":"Categories","orderby":"name","dropdown":0,"count":0,"hierarchical":1,"show_children_only":0,"hide_empty":0,"max_depth":""},"3":{"title":"Categories","orderby":"name","dropdown":0,"count":0,"hierarchical":1,"show_children_only":0,"hide_empty":0,"max_depth":""},"_multiwidget":1},"berocket_aapf_single":{"2":{"filter_id":4684,"custom_class":"filter_color","title":false},"3":{"filter_id":4683,"custom_class":"filter_price","title":false},"4":{"filter_id":4684,"custom_class":"filter_color","title":false},"5":{"filter_id":0,"custom_class":"filter_price","title":false},"_multiwidget":1},"brand":{"2":{"title":"Brands","count":0,"hierarchical":0},"3":{"title":"Brands","count":0,"hierarchical":0},"_multiwidget":1},"woocommerce_top_rated_products":{"2":{"title":"Top rated products","number":7},"3":{"title":"Top rated products","number":5},"_multiwidget":1},"woocommerce_product_tag_cloud":{"2":{"title":"Tags"},"3":{"title":"Tags"},"_multiwidget":1},"yith-woocompare-widget":{"2":{"title":"Compare Products"},"_multiwidget":1},"mc4wp_form_widget":{"2":{"title":false},"_multiwidget":1},"custom_html":{"2":{"title":"","content":"<div class='snpt-wdgt--liveig' style = \".snptwdgt-container .snptwdgt-rtd__fottr{display:none !important}\">\r\n     <script src='https:\/\/snapppt.com\/widgets\/widget_loader\/952d6fa9-f87b-41a4-aa98-cd20b900682b\/grid.js' defer class='snapppt-widget'><\/script>\r\n    <\/div>"},"_multiwidget":1},"nav_menu":{"2":{"title":"Shops","nav_menu":5},"3":{"title":"Information","nav_menu":2},"4":{"title":"User area","nav_menu":4},"5":{"title":"Guide & Help","nav_menu":3},"6":{"title":"Information","nav_menu":2},"7":{"title":"User area","nav_menu":4},"8":{"title":"User area","nav_menu":4},"9":{"title":"Products","nav_menu":5},"10":{"title":"Information","nav_menu":2},"11":{"title":"Guide & Help","nav_menu":3},"12":{"title":"We\u2019re Arangi","nav_menu":2},"13":{"title":"Customer Service","nav_menu":3},"14":{"title":"Delivery & returns","nav_menu":4},"15":{"title":"Organic Cosmetics","nav_menu":5},"16":{"nav_menu":133,"title":false},"_multiwidget":1},"tm-contact-widget":{"2":{"title":"Contact info","desc_title":"","address":"16122 Collins Street Victoria 8007 Australia","address_2":"","phone":"+01-909-980-0032","phone_2":"","mail":"info@company.com","mail_2":"","time":"Mon - Sun\/ 9:00AM - 8:00PM"},"3":{"title":"Contact info","desc_title":"","address":"16122 Collins Street Victoria 8007 Australia","address_2":"","phone":"+01-909-980-0032","phone_2":"","mail":"info@company.com","mail_2":"","time":"Mon - Sun\/ 9:00AM - 8:00PM"},"4":{"title":false,"desc_title":"","address":"16122 Collins Street Victoria 8007 Australia","address_2":"","phone":"+01-909-980-0032","phone_2":"","mail":"info@company.com","mail_2":"","time":""},"5":{"title":"Contact","desc_title":"","address":"16122 Collins Street Victoria 8007 Australia","address_2":"16122 Collins Street AHDJ 807 Australia","phone":"+01-909-980-0032","phone_2":"+01-909-980-0032","mail":"info@company.com","mail_2":"info@company.com","time":"Mon - Sun\/ 9:00AM - 8:00PM"},"_multiwidget":1},"woocommerce_products":{"3":{"title":"Products","number":2,"show":"","orderby":"date","order":"desc","hide_free":0,"show_hidden":0},"2":{"title":"Top sale","number":3,"show":"","orderby":"price","order":"desc","hide_free":0,"show_hidden":0},"_multiwidget":1},"tm-logo-widget":{"2":{"show_logo":null,"des_site":"","title":false},"_multiwidget":1},"text":{"2":{"title":"About","text":"Lorem Ipsum is simply dummy text of the printing and typesetting industry. Lorem Ipsum has been the industry's standard dummy text ever.","filter":true,"visual":true},"_multiwidget":1},"tm-social-widget":{"2":{"title":"Follow us","facebook":"#","twitter":"#","instagram":"","pinterest":"#","google":"#","linkedin":"","youtube":"","dribble":"#","behance":"#"},"_multiwidget":1}}]