[{"general-sidebar":["categories-4","archives-2"],"blog-sidebar":["categories-3","modus-recent-posts-2"],"newsletter-sidebar":["mc4wp_form_widget-2"],"footer-top-1":["mc4wp_form_widget-6"],"footerv1-menu1":["media_image-5","text-2","modus-social-2"],"footerv1-menu2":["nav_menu-26","block-2"],"footerv1-menu3":["nav_menu-3"],"footerv1-menu4":["nav_menu-25"],"footerv1-menu5":["modus-contact-11"],"footerv2-menu1":["modus-contact-6"],"footerv2-menu2":["nav_menu-21"],"footerv2-menu3":["nav_menu-22"],"footerv2-menu4":["mc4wp_form_widget-5","modus-social-3"],"footerv3-col1":["text-5","modus-contact-8"],"footerv3-col2":["text-17"],"footerv3-col3":["nav_menu-12"],"footerv3-col4":["nav_menu-20"],"footerv4-col1":["nav_menu-9"],"footerv4-col2":["nav_menu-10"],"footerv4-col3":["nav_menu-11"],"footerv4-col4":["nav_menu-16"],"footerv4-col5":["custom_html-3"],"footerv4-col6":["modus-social-6"],"footerv4-logo-text":["text-15"],"footerv5-col1":["text-14","modus-social-5"],"footerv5-col2":["nav_menu-13"],"footerv5-col3":["custom_html-2"],"footerv5-col4":["text-9"],"footerv6-col1":["text-10","modus-social-8"],"footerv6-col2":["nav_menu-14"],"footerv6-col3":["nav_menu-15"],"footerv6-col4":["text-11"],"footerv7-menu1":["text-12","modus-contact-10"],"footerv7-menu2":["text-18"],"footerv7-menu3":["nav_menu-7"],"footerv7-menu4":["nav_menu-5"],"footerv8-menu1":["text-16","modus-social-7"],"footerv8-menu2":["nav_menu-6"],"footerv8-menu3":["nav_menu-8"],"footerv8-menu4":["nav_menu-18"],"footerv8-menu5":["mc4wp_form_widget-4"],"footerv10-social":["modus-social-10"],"footerv11-menu1":["text-20","modus-social-4"],"footerv11-menu2":["nav_menu-24"],"footerv11-menu3":["modus-contact-9","mc4wp_form_widget-7"],"shop-sidebar":["yith-woo-ajax-navigation-2","yith-woo-ajax-navigation-3","yith-woo-ajax-navigation-4","yith-woo-ajax-navigation-5","woocommerce_price_filter-3","yith-woo-ajax-navigation-6","yith-woo-ajax-navigation-7","yith-woo-ajax-navigation-8","yith-woo-ajax-navigation-9","text-3"],"shop-sidebar-2":["yith-woo-ajax-navigation-13","woocommerce_price_filter-2","yith-woo-ajax-navigation-10","text-4","modus-contact-2"]},{"categories":{"4":{"title":"Categories","count":0,"hierarchical":0,"dropdown":0},"3":{"title":"Categories","count":0,"hierarchical":0,"dropdown":0},"_multiwidget":1},"archives":{"2":{"title":"Archives","count":0,"dropdown":0},"_multiwidget":1},"modus-recent-posts":{"2":{"title":"Recent post","number":5,"layout":"1"},"_multiwidget":1},"mc4wp_form_widget":{"2":{"title":""},"6":{"title":""},"5":{"title":"Newsletter"},"4":{"title":"Newsletter"},"7":{"title":""},"_multiwidget":1},"media_image":{"5":{"attachment_id":2442,"url":"https:\/\/demo.arrowtheme.com\/modus\/wp-content\/uploads\/2016\/07\/logo-footer-1.png","title":"Modus shop solution for all needs","size":"full","width":130,"height":22,"caption":"","alt":"","link_type":"custom","link_url":"https:\/\/demo.arrowtheme.com\/modus","image_classes":"","link_classes":"","link_rel":"","link_target_blank":false,"image_title":""},"_multiwidget":1},"text":{"2":{"title":"","text":"Lorem ipsum dolor sit amet, consectetuer adipiscing elit, sed diam nonummy nibh euismod tincidunt ut laoreet dolore magna aliquam erat volutpat....","filter":true,"visual":true},"5":{"title":"Modus Furniture","text":"This is Photoshop's version of Lorem Ipsum. Proin gravida nibh vel velit auctor aliquet. Aenean sollicitudin.","filter":true,"visual":true},"17":{"title":"Opening Time","text":"<ul>\r\n \t<li>Mon-Fri: 8AM-10AM<\/li>\r\n \t<li>Sat: 9AM-8PM<\/li>\r\n \t<li>Sun: Closed<\/li>\r\n \t<li>We work All The Holidays<\/li>\r\n<\/ul>","filter":true,"visual":true},"15":{"title":"","text":"Lorem ipsum dolor sit amet, consectetur adipiscing elit, sed do eiusmod<br>\r\ntempor. Lorem ipsum dolor sit amet, consectetur adipiscing elit, sed do<br>\r\neiusmod tempor.","filter":true,"visual":true},"14":{"title":"About us","text":"Nemo enim ipsam voluptatem quia voluptas sit aspernatur aut odit aut fugit, sed quia consequuntur magni dolores eos qui ratione voluptatem sequi nesciunt.","filter":true,"visual":true},"9":{"title":"Drop A Message","text":"[contact-form-7 id=\"903\" title=\"Drop a message\"]","filter":"content"},"10":{"title":"About us","text":"Together yet they were all alone. Wouldn't you like to get away? Sometimes you want to go where everybody","filter":"content"},"11":{"title":"Contacts","text":"888 Broadway, New York, NY, 18813\r\n\r\nPhone: 123-456-7890\r\n\r\nFax: 123-456-7890\r\n\r\nEmail: info@yoursite.com","filter":"content"},"12":{"title":"","text":"This is Photoshop's version of Lorem Ipsum. Proin gravida tvel velit auctor aliquet. Aenean sollicitudin, lorem quis bibendum auctor.","filter":true,"visual":true},"18":{"title":"Opening time","text":"<ul>\r\n \t<li>Mon-Fri: 8AM-10AM<\/li>\r\n \t<li>Sat: 9AM-8PM<\/li>\r\n \t<li>Sun: Closed<\/li>\r\n \t<li>We work All The Holidays<\/li>\r\n<\/ul>","filter":true,"visual":true},"16":{"title":"","text":"Lorem ipsum dolor sit amet, consectetuer adipiscing elit, sed diam nonummy nibh.\r\n\r\n<img src=\"https:\/\/demo.arrowtheme.com\/modus\/wp-content\/uploads\/2016\/07\/img-paymenthod.png\" alt=\"\" \/>","filter":true,"visual":true},"20":{"title":"","text":"<img class=\"alignnone size-full wp-image-146\" src=\"https:\/\/demo.arrowtheme.com\/modus\/wp-content\/uploads\/2017\/05\/logo-white.png\" alt=\"\" width=\"170\" height=\"29\" \/>\r\n\r\nEminent is dolor sit amet sed consectes adipisicing elit sedau eiusmod aenim veniam quis notrud tam exercitation ipsum dolor sit best services.","filter":true,"visual":true},"3":{"title":"","text":"<div class=\"shop-banner\">\r\n<div class=\"shop-banner-text\">\r\n<h3>Special chair offer<\/h3>\r\n<h4>on Funiture<\/h4>\r\n<a class=\"shopnow\" href=\"#\">Shop now<\/a>\r\n\r\n<\/div>\r\n<img src=\"https:\/\/demo.arrowtheme.com\/modus\/wp-content\/uploads\/2016\/01\/shop_banner_bgt.jpg\" alt=\"\"  \/>\r\n\r\n<\/div>","filter":true,"visual":true},"4":{"title":"Opening Time","text":"<ul>\r\n \t<li>Mon-Fri: 8AM-10AM<\/li>\r\n \t<li>Sat: 9AM-8PM<\/li>\r\n \t<li>Sun: Closed<\/li>\r\n \t<li>We work All The Holidays<\/li>\r\n<\/ul>","filter":true,"visual":true},"_multiwidget":1},"modus-social":{"2":{"title":"","show_facebook":"show","show_twitter":"show","show_google-plus":"show","show_pinterest":null,"show_instagram":"show","show_dribbble":null,"show_flickr":null,"show_linkedin":null,"show_behance":null,"show_youtube":"show"},"3":{"title":"","show_facebook":"show","show_twitter":"show","show_google-plus":"show","show_pinterest":"show","show_instagram":null,"show_dribbble":null,"show_flickr":null,"show_linkedin":null,"show_behance":null,"show_youtube":"show"},"6":{"title":"","show_facebook":"show","show_twitter":"show","show_google-plus":"show","show_pinterest":null,"show_instagram":"show","show_dribbble":null,"show_flickr":null,"show_linkedin":null,"show_behance":null,"show_youtube":"show"},"5":{"title":"","show_facebook":"show","show_twitter":"show","show_google-plus":"show","show_pinterest":null,"show_instagram":"show","show_dribbble":null,"show_flickr":null,"show_linkedin":null,"show_behance":null},"8":{"title":"","show_facebook":"show","show_twitter":"show","show_google-plus":"show","show_pinterest":null,"show_instagram":"show","show_dribbble":null,"show_flickr":null,"show_linkedin":null,"show_behance":null,"show_youtube":"show"},"7":{"title":"","show_facebook":"show","show_twitter":"show","show_google-plus":"show","show_pinterest":null,"show_instagram":"show","show_dribbble":null,"show_flickr":null,"show_linkedin":null,"show_behance":null,"show_youtube":"show"},"10":{"title":"","show_facebook":"show","show_twitter":"show","show_google-plus":"show","show_pinterest":null,"show_instagram":"show","show_dribbble":null,"show_flickr":null,"show_linkedin":null,"show_behance":null,"show_youtube":"show"},"4":{"title":"","show_facebook":"show","show_twitter":"show","show_google-plus":"show","show_pinterest":null,"show_instagram":"show","show_dribbble":null,"show_flickr":null,"show_linkedin":null,"show_behance":null},"_multiwidget":1},"nav_menu":{"26":{"title":"Infomation","nav_menu":23},"3":{"title":"My account","nav_menu":16},"25":{"title":"Cusomer","nav_menu":17},"21":{"title":"My Account","nav_menu":16},"22":{"title":"Infomation","nav_menu":15},"12":{"title":"About","nav_menu":67},"20":{"title":"My Account","nav_menu":16},"9":{"title":"Our services","nav_menu":64},"10":{"title":"Projects","nav_menu":65},"11":{"title":"In the news","nav_menu":66},"16":{"title":"About us","nav_menu":67},"13":{"title":"Our Services","nav_menu":64},"14":{"title":"Our services","nav_menu":84},"15":{"title":"Additional info","nav_menu":83},"7":{"title":"About","nav_menu":17},"5":{"title":"My account","nav_menu":16},"6":{"title":"Information","nav_menu":15},"8":{"title":"My Account","nav_menu":16},"18":{"title":"Customer","nav_menu":17},"24":{"title":"Quick Links","nav_menu":67},"_multiwidget":1},"block":{"2":{"content":"<!-- wp:list -->\n<ul><!-- wp:list-item -->\n<li><\/li>\n<!-- \/wp:list-item --><\/ul>\n<!-- \/wp:list -->"},"_multiwidget":1},"modus-contact":{"11":{"title":"Store one","address":"show","phone":"show","email":"show","clock":null},"6":{"title":"Contact info","address":"show","phone":"show","email":"show","clock":"show"},"8":{"title":"","address":"show","phone":"show","email":"show","clock":null},"10":{"title":"","address":"show","phone":"show","email":"show","clock":null},"9":{"title":"Contact Us","address":"show","phone":"show","email":"show","clock":null},"2":{"title":"Contact us","address":"show","phone":"show","email":"show","clock":"show"},"_multiwidget":1},"custom_html":{"3":{"title":"","content":"<p>\r\n\t888 Broadway, New York, NY, 18813\r\n<\/p>\r\n<p>\r\n\tPhone: <a href=\"callto:0123456789\">123-456-7890<\/a>\r\n<\/p>\r\n<p>\r\n\tFax: 123-456-7890\r\n<\/p>\r\n<p>\r\n\tEmail: <a href=\"mailto:info@yoursite.com\">info@yoursite.com<\/a>\r\n<\/p>"},"2":{"title":"Get In Touch","content":"<p>\r\n\t888 Broadway, New York, NY, 18813\r\n<\/p>\r\n<p>\r\n\tPhone: <a href=\"callto:0123456789\">123-456-7890<\/a>\r\n<\/p>\r\n<p>\r\n\tFax: 123-456-7890\r\n<\/p>\r\n<p>\r\n\tEmail: <a href=\"mailto:info@yoursite.com\">info@yoursite.com<\/a>\r\n<\/p>"},"_multiwidget":1},"yith-woo-ajax-navigation":{"2":{"title":"Categories","attribute":"categories","query_type":"and","type":"list","colors":[],"multicolor":[],"labels":[],"display":"all","extra_class":""},"3":{"title":"Availability","attribute":"availability","query_type":"and","type":"list","colors":[],"multicolor":[],"labels":[],"display":"all","extra_class":""},"4":{"title":"Condition","attribute":"condition","query_type":"and","type":"list","colors":[],"multicolor":[],"labels":[],"display":"all","extra_class":""},"5":{"title":"Manuafacturer","attribute":"manufacturer","query_type":"and","type":"list","colors":[],"multicolor":[],"labels":[],"display":"all","extra_class":""},"6":{"title":"Size","attribute":"size","query_type":"and","type":"list","colors":[],"multicolor":[],"labels":[],"display":"all","extra_class":""},"7":{"title":"Color","attribute":"color","query_type":"and","type":"color","colors":{"50":"#f5f5dc","52":"#434a54","54":"#5d9cec","55":"#a0d468","53":"#f39c11","57":"#fccacd","51":"#ffffff","56":"#f1c40f"},"multicolor":[],"labels":[],"display":"all","extra_class":""},"8":{"title":"Compositions","attribute":"compositions","query_type":"and","type":"list","colors":[],"multicolor":[],"labels":[],"display":"all","extra_class":""},"9":{"title":"Styles","attribute":"styles","query_type":"and","type":"list","colors":[],"multicolor":[],"labels":[],"display":"all","extra_class":""},"13":{"title":"Categories","attribute":"categories","query_type":"and","type":"list","colors":[],"multicolor":[],"labels":[],"display":"hierarchical","extra_class":""},"10":{"title":"Size","attribute":"size","query_type":"and","type":"list","colors":[],"multicolor":[],"labels":[],"display":"all","extra_class":""},"_multiwidget":1},"woocommerce_price_filter":{"3":{"title":"Price"},"2":{"title":"Price"},"_multiwidget":1}}]