[{"sidebar_resources":["acc_category_filter_widget-2"],"sidebar_single_resource":["acc_cpt_latest_widget-2"],"archive-courses-sidebar":["learnpress_widget_course_filter-3"],"menu_right":["block-6"]},{"acc_category_filter_widget":{"2":{"title":"Category","taxonomy":"learning_resource_categories"},"_multiwidget":1},"acc_cpt_latest_widget":{"2":{"title":"Related Resources","post_type":"learning_resources","count":5},"_multiwidget":1},"learnpress_widget_course_filter":{"3":{"title":"Course Filter","number_level_category":1,"class_list_courses_target":".lp-list-courses-default","show_in_rest":1,"hide_count_zero":1,"search_suggestion":1,"fields_order":"search,type,price,category,author,course_review,tag,level,btn_submit,btn_reset","fields":["type","price","category","course_review","btn_submit","btn_reset"]},"_multiwidget":1},"block":{"6":{"content":"<!-- wp:shortcode -->\n[thim_ekit id=\"1822\"]\n<!-- \/wp:shortcode -->"},"_multiwidget":1}}]