[{"general-sidebar":["recent-posts-4","search-3","archives-3"],"blog-sidebar":["categories-3","mc4wp_form_widget-2"],"event-sidebar":["woocommerce_product_categories-2","woocommerce_price_filter-2","woocommerce_products-2"],"footer-column-1":["text-2"],"footer-column-2":["recent-posts-3"],"footer-column-3":["tag_cloud-2"],"footer-column-4":["mc4wp_form_widget-3"],"footer-bussiness-1":["nav_menu-2"],"footer-bussiness-2":["text-5"],"footer-bussiness-3":["nav_menu-4"],"footer-bussiness-4":["mc4wp_form_widget-4"],"footer-home-product-1":["text-3"],"footer-home-product-2":["nav_menu-3"],"footer-home-product-3":["nav_menu-5"],"footer-home-product-4":["text-4","mc4wp_form_widget-6"],"single-product-sidebar":["riven_product_widget-2"]},{"recent-posts":{"4":{"title":"Recent Blog","number":3,"show_date":true},"3":{"title":"Recent Posts","number":3,"show_date":true},"_multiwidget":1},"search":{"3":{"title":"Search"},"_multiwidget":1},"archives":{"3":{"title":"Archives","count":0,"dropdown":0},"_multiwidget":1},"categories":{"3":{"title":"Categories","count":0,"hierarchical":0,"dropdown":0},"_multiwidget":1},"mc4wp_form_widget":{"2":{"title":""},"3":{"title":"Newsletter"},"4":{"title":""},"6":{"title":""},"_multiwidget":1},"woocommerce_product_categories":{"2":{"title":"Categories","orderby":"name","dropdown":0,"count":0,"hierarchical":1,"show_children_only":0,"hide_empty":0},"_multiwidget":1},"woocommerce_price_filter":{"2":{"title":"Filter by price"},"_multiwidget":1},"woocommerce_products":{"2":{"title":"New Release","number":4,"show":"","orderby":"date","order":"desc","hide_free":0,"show_hidden":0},"_multiwidget":1},"text":{"2":{"title":"","text":"<img alt=\"Riven\" src=\"https:\/\/riven.arrowtheme.com\/wp-content\/themes\/riven\/images\/logo.png\" class=\"\"> \n<p>\nLorem ipsum dolor sit amet, consectetur adipiscing elit. Nullam risus lorem, sollicitudin id lobortis ac, cursus eget odio. Maecenas vitae ultrices odio. Maecenas non velit at sapien.\n<br><br>\nCurabitur malesuada laoreet lectus sed ultrices. Morbi elementum vulputate tempor.\n<\/p>\n","filter":false,"visual":false},"5":{"title":"","text":"<img src=\"http:\/\/riven.arrowtheme.com\/wp-content\/themes\/riven\/images\/logo-footer-5.png\" alt=\"logo_footer\"\/>\r\n<p>\r\nAliquam tempus ultricies tincidunt. Donec nunc felis, egestas eu pellentesque a, ultricies non lectus. \r\n<\/p>\r\n<p>\r\nUt lacinia erat ut diam volutpat, at mattis lacus placerat. Phasellus eget aliquet urna. Nullam sit amet turpis ornare, pulvinar lectus in, cursus mi. Duis et nunc eu ligula\r\n<\/p>","filter":false},"3":{"title":"","text":"<img src=\"http:\/\/riven.arrowtheme.com\/wp-content\/themes\/riven\/images\/logo_6.png\" alt=\"logo_footer\"\/>\r\n<p>\r\nAliquam tempus ultricies tincidunt. Donec nunc felis, egestas eu pellentesque a, ultricies non lectus. \r\n<\/p>\r\n<p>\r\nUt lacinia erat ut diam volutpat, at mattis lacus placerat. Phasellus eget aliquet urna. Nullam sit amet turpis ornare, pulvinar lectus in, cursus mi. Duis et nunc eu ligula\r\n<\/p>","filter":false},"4":{"title":"Newsletter","text":"Subscribe to our newsletter to receive news, updates, free stuff and new releases by email. We don't do spam","filter":false},"_multiwidget":1},"tag_cloud":{"2":{"title":"Tags","taxonomy":"post_tag"},"_multiwidget":1},"nav_menu":{"2":{"title":"Navigation","nav_menu":45},"4":{"title":"Navigation","nav_menu":45},"3":{"title":"Navigation","nav_menu":47},"5":{"title":"Navigation","nav_menu":47},"_multiwidget":1},"riven_product_widget":{"2":{"title":"Similar App","number":"3","show_category":"app"},"_multiwidget":1}}]