[{"sidebar_resources":["acc_category_filter_widget-2"],"sidebar_single_resource":["acc_cpt_latest_widget-2"],"menu_right":["block-6"],"sidebar_sfwd_courses":["block-7"]},{"acc_category_filter_widget":{"2":{"title":"Category","taxonomy":"learning_resource_categories"},"_multiwidget":1},"acc_cpt_latest_widget":{"2":{"title":"Related Resources","post_type":"learning_resources","count":5},"_multiwidget":1},"block":{"6":{"content":"<!-- wp:shortcode -->\n[thim_ekit id=\"1822\"]\n<!-- \/wp:shortcode -->"},"7":{"content":"<!-- wp:learndash\/ld-course-grid-filter {\"course_grid_id\":\"ld-courses-archive\",\"search\":true,\"taxonomies\":[\"ld_course_category\",\"ld_course_tag\"],\"price\":true,\"price_max\":\"100\",\"preview_show\":true} \/-->"},"_multiwidget":1}}]