[{"blog_sidebar":["search-1","categories-2","tm-posts-widget-1","instagram-widget-1"],"shop_sidebar":["woocommerce_product_categories-1","brand-1","woocommerce_top_rated_products-1","woocommerce_product_tag_cloud-1"],"shop_sidebar_left":["woocommerce_product_categories-2","brand-2"],"shop_sidebar_right":["woocommerce_top_rated_products-2","yith-woocompare-widget-1","woocommerce_product_tag_cloud-2"],"footer-newsletter":["mc4wp_form_widget-1","custom_html-1"],"footer-column-1":["nav_menu-17"],"footer-column-2":["nav_menu-2"],"footer-column-3":["nav_menu-3"],"footer-column-4":["nav_menu-4"],"footer-column-5":["tm-contact-widget-1"],"footer2-column-1":["tm-contact-widget-5"],"footer2-column-2":["nav_menu-21"],"footer2-column-3":["nav_menu-22"],"footer2-column-4":["instagram-widget-2"],"footer2-home-wine":["woocommerce_products-3"],"footer3-column-1":["tm-logo-widget-1","tm-contact-widget-6"],"footer3-column-2":["nav_menu-23"],"footer3-column-3":["nav_menu-24"],"footer3-column-4":["nav_menu-25"],"footer3-column-5":["nav_menu-26"],"footer4-column-1":["nav_menu-27"],"footer4-column-2":["nav_menu-28"],"footer4-column-3":["nav_menu-29"],"footer4-column-4":["nav_menu-30"],"humburger_menu_sidebar":["text-2","woocommerce_products-2","tm-contact-widget-4","tm-social-widget-1"],"first-menu-header-5":["nav_menu-15"]},{"search":{"1":{"title":"Search"},"_multiwidget":1},"categories":{"2":{"title":"Categories","count":1,"hierarchical":0,"dropdown":0},"_multiwidget":1},"tm-posts-widget":{"1":{"style":"01","title":"Popular posts","cat":"18","show_thumbnail":1,"show_categories":1,"show_date":1,"num":4},"_multiwidget":1},"instagram-widget":{"1":{"title":"Instagram","tag":"","number":"3"},"2":{"title":"Instagram","tag":"","number":"8"},"_multiwidget":1},"woocommerce_product_categories":{"1":{"title":"Categories","orderby":"name","dropdown":0,"count":0,"hierarchical":1,"show_children_only":0,"hide_empty":0,"max_depth":""},"2":{"title":"Categories","orderby":"name","dropdown":0,"count":0,"hierarchical":1,"show_children_only":0,"hide_empty":0,"max_depth":""},"_multiwidget":1},"brand":{"1":{"title":"Brands","count":0,"hierarchical":0},"2":{"title":"Brands","count":0,"hierarchical":0},"_multiwidget":1},"woocommerce_top_rated_products":{"1":{"title":"Top rated products","number":7},"2":{"title":"Top rated products","number":5},"_multiwidget":1},"woocommerce_product_tag_cloud":{"1":{"title":"Tags"},"2":{"title":"Tags"},"_multiwidget":1},"yith-woocompare-widget":{"1":{"title":"Compare Products"},"_multiwidget":1},"mc4wp_form_widget":{"1":{"title":false},"_multiwidget":1},"custom_html":{"1":{"title":"","content":"<div class='snpt-wdgt--liveig' style = \".snptwdgt-container .snptwdgt-rtd__fottr{display:none !important}\">\r\n     <script src='https:\/\/snapppt.com\/widgets\/widget_loader\/952d6fa9-f87b-41a4-aa98-cd20b900682b\/grid.js' defer class='snapppt-widget'><\/script>\r\n    <\/div>"},"_multiwidget":1},"nav_menu":{"17":{"title":"Shops","nav_menu":56},"2":{"title":"Information","nav_menu":54},"3":{"title":"User area","nav_menu":55},"4":{"title":"Guide & Help","nav_menu":53},"21":{"title":"Information","nav_menu":54},"22":{"title":"User area","nav_menu":55},"23":{"title":"User area","nav_menu":55},"24":{"title":"Products","nav_menu":56},"25":{"title":"Information","nav_menu":54},"26":{"title":"Guide & Help","nav_menu":53},"27":{"title":"We\u2019re Arangi","nav_menu":2},"28":{"title":"Customer Service","nav_menu":3},"29":{"title":"Delivery & returns","nav_menu":4},"30":{"title":"Organic Cosmetics","nav_menu":5},"15":{"nav_menu":133,"title":false},"_multiwidget":1},"tm-contact-widget":{"1":{"title":"Contact info","desc_title":"","address":"16122 Collins Street Victoria 8007 Australia","address_2":"","phone":"+01-909-980-0032","phone_2":"","mail":"info@company.com","mail_2":"","time":"Mon - Sun\/ 9:00AM - 8:00PM"},"5":{"title":"Contact info","desc_title":"","address":"16122 Collins Street Victoria 8007 Australia","address_2":"","phone":"+01-909-980-0032","phone_2":"","mail":"info@company.com","mail_2":"","time":"Mon - Sun\/ 9:00AM - 8:00PM"},"6":{"title":false,"desc_title":"","address":"16122 Collins Street Victoria 8007 Australia","address_2":"","phone":"+01-909-980-0032","phone_2":"","mail":"info@company.com","mail_2":"","time":""},"4":{"title":"Contact","desc_title":"","address":"16122 Collins Street Victoria 8007 Australia","address_2":"16122 Collins Street AHDJ 807 Australia","phone":"+01-909-980-0032","phone_2":"+01-909-980-0032","mail":"info@company.com","mail_2":"info@company.com","time":"Mon - Sun\/ 9:00AM - 8:00PM"},"_multiwidget":1},"woocommerce_products":{"3":{"title":"Products","number":2,"show":"","orderby":"date","order":"desc","hide_free":0,"show_hidden":0},"2":{"title":"Top sale","number":3,"show":"","orderby":"price","order":"desc","hide_free":0,"show_hidden":0},"_multiwidget":1},"tm-logo-widget":{"1":{"show_logo":null,"des_site":"","title":false},"_multiwidget":1},"text":{"2":{"title":"About","text":"Lorem Ipsum is simply dummy text of the printing and typesetting industry. Lorem Ipsum has been the industry's standard dummy text ever.","filter":true,"visual":true},"_multiwidget":1},"tm-social-widget":{"1":{"title":"Follow us","facebook":"#","twitter":"#","instagram":"","pinterest":"#","google":"#","linkedin":"","youtube":"","dribble":"#","behance":"#"},"_multiwidget":1}}]