[{"general-sidebar":["apr_contact_info_widget-3","arrowpress_instagram_feed-2","arrowpress_latest_tweet-2"],"blog-sidebar":["search-3","categories-3","recent-posts-3","archives-3","tag_cloud-2"],"blog-sidebar-home-6":["recent-posts-5","categories-5","archives-5","tag_cloud-4"],"footer-column-1":["nav_menu-15"],"footer-column-2":["nav_menu-16"],"footer-column-3":["nav_menu-17"],"footer2-column-1":["nav_menu-18"],"footer2-column-2":["nav_menu-19"],"footer2-column-3":["mc4wp_form_widget-5"],"footer3-column-1":["text-3"],"footer3-column-2":["text-8"],"footer3-column-3":["text-9"],"footer3-column-4":["text-10"],"footer7-column-1":["mc4wp_form_widget-7"],"footer7-column-2":["nav_menu-21"],"footer-newsletter":["mc4wp_form_widget-6"],"footer-contact":["apr_contact_info_widget-2"],"footer-menu":["nav_menu-20"],"footer-form":["text-11"],"shop-sidebar":["woocommerce_product_categories-2","woocommerce_products-2","yith-woocompare-widget-2"]},{"apr_contact_info_widget":{"3":{"title":"Popular News","address":"Lorem Ipsum has been the industry \u2019 s standard","phone":"+84 (1) 234 567 891","mail":"contact@medic.com"},"2":{"title":"","desc":"","address":"Lorem Ipsum has been the industry's standard  ","phone":"+84(1)234567891","fax":"+84123456789","time":"Monday to Saturday 10.30 AM to 7 PM","mail":"contact@medic.com ","link":"www.medic.com"},"_multiwidget":1},"arrowpress_instagram_feed":{"2":{"title":"Instagram","tag":"","number":"9"},"_multiwidget":1},"arrowpress_latest_tweet":{"2":{"title":"Latest Twitter","tweet_limit":"5"},"_multiwidget":1},"search":{"3":{"title":"Search"},"_multiwidget":1},"categories":{"3":{"title":"Categories","count":0,"hierarchical":0,"dropdown":0},"5":{"title":"Categories","count":0,"hierarchical":0,"dropdown":0},"_multiwidget":1},"recent-posts":{"3":{"title":"Latest news","number":4,"show_date":true},"5":{"title":"Latest news","number":4,"show_date":true},"_multiwidget":1},"archives":{"3":{"title":"Archives","count":0,"dropdown":0},"5":{"title":"Archives","count":0,"dropdown":0},"_multiwidget":1},"tag_cloud":{"2":{"title":"Tags","count":0,"taxonomy":"post_tag"},"4":{"title":"Tags","count":0,"taxonomy":"category"},"_multiwidget":1},"nav_menu":{"15":{"title":"Company","nav_menu":16},"16":{"title":"Our Services","nav_menu":44},"17":{"title":"Quick Links","nav_menu":45},"18":{"title":"Company","nav_menu":16},"19":{"title":"Quick Links","nav_menu":45},"21":{"nav_menu":54},"20":{"nav_menu":57},"_multiwidget":1},"mc4wp_form_widget":{"5":{"title":"Newsletter Subscribe"},"7":{"title":"Newsletter Subcribe"},"6":{"title":false},"_multiwidget":1},"text":{"3":{"title":false,"text":"<div class=\"info info-address\"><div class=\"icon\"><i class=\"pe-7s-map-marker\"><\/i><\/div> <span>Address<\/span><p>123 Lorem ipsum dolor sit amet,   consectetur<\/p><\/div>","filter":true,"visual":true},"8":{"title":false,"text":"<div class=\"info info-mail\"><div class=\"icon\"><i class=\"pe-7s-mail-open\"><\/i><\/div> <span>Email<\/span> <a href=\"mailto:contact@cryptoCIO.com\">Contact@cryptoCIO.com<\/a><\/div>","filter":true,"visual":true},"9":{"title":false,"text":"<div class=\"info info-mail\"><div class=\"icon\"><i class=\"pe-7s-call\"><\/i><\/div> <span>Phone<\/span> <a href=\"callto:+841234567891\">+84 (1) 234 567 891 <\/a> <a href=\"callto:+841234567891\">+84 (1) 234 567 891 <\/a><\/div>","filter":true,"visual":true},"10":{"title":false,"text":"<div class=\"info info-time\"><div class=\"icon\"><i class=\"pe-7s-clock\"><\/i><\/div><span>Working hours<\/span><ul class=\"list-items-time\"><li><span>Mon - Fri<\/span><p>09:00 - 19:00<\/p><\/li><li><span>Weekend<\/span><p>Closed<\/p><\/li><\/ul><\/div>","filter":true,"visual":true},"11":{"title":false,"text":"[contact-form-7 id=\"4\" title=\"Contact form 1\"]","filter":true,"visual":true},"_multiwidget":1},"woocommerce_product_categories":{"2":{"title":"By categories","parent_id":"0","orderby":"name","dropdown":0,"count":1,"hierarchical":1,"show_parent_cat":0,"show_children_only":0,"hide_empty":0},"_multiwidget":1},"woocommerce_products":{"2":{"title":"Recent Products","number":3,"show":"","orderby":"date","order":"desc","hide_free":0,"show_hidden":0},"_multiwidget":1},"yith-woocompare-widget":{"2":{"title":"Compare"},"_multiwidget":1}}]