[{"general-sidebar":["text-18"],"blog-sidebar":["text-20","helpmate_tabs-6","categories-5","recent-work-3","tag_cloud-4"],"gallery-sidebar":["categories-3","tag_cloud-3"],"faq-sidebar":["categories-4","tag_cloud-5"],"shop-sidebar":["woocommerce_price_filter-3","woocommerce_product_categories-2","woocommerce_top_rated_products-2","tag_cloud-6","woocommerce_products-2"],"single-product-sidebar":["woocommerce_product_categories-3","woocommerce_top_rated_products-3","woocommerce_product_tag_cloud-2","woocommerce_products-3"],"footer-column-1":["text-2"],"footer-column-2":["nav_menu-2"],"footer-column-3":["text-4"],"footer-column-4":["text-5"],"footer2-column-1":["text-6"],"footer2-column-2":["nav_menu-3"],"footer2-column-4":["text-8"],"footer3-newsletter":["text-24"],"footer3-column-1":["text-9"],"footer3-column-2":["nav_menu-4"],"footer3-column-3":["text-10"],"footer4-column-1":["nav_menu-5"],"footer4-column-4":["text-11"],"footer5-column-1":["text-13"],"footer5-column-2":["recent-posts-3"],"footer5-column-4":["text-14"],"footer6-column-1":["text-15"],"footer6-column-2":["nav_menu-6"],"footer6-column-3":["text-16"],"footer6-column-4":["text-17"]},{"text":{"18":{"title":"Text Widget","text":"Lorem ipsum dolor sit amet, consecte tur adipiscing elit. Morbi ultrices at enim nec consectetur.","filter":false},"20":{"title":"Text Widget","text":"Lorem ipsum dolor sit amet, consecte tur adipiscing elit. Morbi ultrices at enim nec consectetur.","filter":false},"2":{"title":"about us","text":"                <p>Lorem ipsum dolor sit amet, con \r\n                adipiscing elit. Aienean ac ilobor  \r\n                eu lobortis risus. <br> <br>\r\n\r\n                Nunc bibendumi eros iac dui dig\r\n                eget accumsan magna tristique. \r\n                <\/p>\r\n                <a href=\"https:\/\/themeforest.net\/item\/helpmate-6-in-1-maintenance-wordpress-theme\/16489291?s_rank=4\" class=\"button type1\"><span><span>Buy Theme<\/span><span>Buy Theme<\/span><\/span><\/a>\r\n","filter":false},"4":{"title":"contact us","text":"\r\n                <p>\r\n                  London, UK <br>\r\n                  23, Can Avenue, Denver Hills\r\n                <\/p>\r\n                <p>\r\n                  Tel: <span>(888) 123-1234<\/span> <br>\r\n                  Mobile: <span>(012) 345-6789<\/span>\r\n                <\/p>\r\n                <p>\r\n                  E-mail: <span><a href=\"#\">email@helpmate.com<\/a><\/span> <br>\r\n                  <a href=\"#\">Get directions on the map <\/a>\r\n                <\/p>\r\n","filter":false},"5":{"title":"Get free quote","text":"[contact-form-7 id=\"21\" title=\"Get free quote\"]","filter":false},"6":{"title":"about us","text":"\r\n                <p>Lorem ipsum dolor sit amet, con \r\n                adipiscing elit. Aienean ac ilobor  \r\n                eu lobortis risus. <\/p>\r\n\r\n                <p>Nunc bibendumi eros iac dui dig\r\n                eget accumsan magna tristique. <\/p>\r\n\r\n                <div class=\"social_icon_list var2\">\r\n                  <ul>\r\n                    <li><a href=\"#\" class=\"soc_icon icon_facebook\"><\/a><\/li>\r\n                    <li><a href=\"#\" class=\"soc_icon icon_twitter\"><\/a><\/li>\r\n                    <li><a href=\"#\" class=\"soc_icon icon_mail\"><\/a><\/li>\r\n                    <li><a href=\"#\" class=\"soc_icon icon_instagram\"><\/a><\/li>\r\n                  <\/ul>\r\n                <\/div>","filter":false},"8":{"title":"contact us","text":"\r\n                <p>\r\n                  London, UK <br>\r\n                  23, Can Avenue, Denver Hills\r\n                <\/p>\r\n                <p>\r\n                  Tel: <span>(888) 123-1234<\/span> <br>\r\n                  Mobile: <span>(012) 345-6789<\/span>\r\n                <\/p>\r\n                <p>\r\n                  E-mail: <span><a href=\"#\">email@helpmate.com<\/a><\/span> <br>\r\n                  <a href=\"#\">Get directions on the map <\/a>\r\n                <\/p>\r\n                <div class=\"clearfix\">\r\n                  <button class=\"button type1 f_left\"><span><span>Contact Us<\/span><span>Contact Us<\/span><\/span><\/button>\r\n                  <div class=\"f_right\">\r\n                    <p>Or <a href=\"#\">Fill Form<\/a><\/p>\r\n                  <\/div>\r\n                <\/div>","filter":false},"24":{"title":"","text":"\r\n[mc4wp_form id=\"36\"]","filter":false},"9":{"title":"about us","text":"\r\n                <p>Lorem ipsum dolor sit amet, con adipiscing elit. Aienean ac ilobor eu lobortis risus. Nunc bibendumi eros iac dui dig eget accumsan magna tristique. <\/p>\r\n\r\n                <p>Lorem ipsum dolor sit amet, con adipiscing elit. Aienean ac ilobor eu lobortis risus. Nunc bibendumi eros iac dui dig eget accumsan magna tristique. <\/p>\r\n\r\n                <a href=\"#\" class=\"button type1\"><span><span>Buy Theme<\/span><span>Buy Theme<\/span><\/span><\/a>\r\n","filter":false},"10":{"title":"Contact Us","text":"\r\n                <p>\r\n                  London, UK 23, Can Avenue, Denver Hills                \r\n                <\/p>\r\n                <p>\r\n                  Tel: <span>(888) 123-1234<\/span> <br>\r\n                  Mobile: <span>(012) 345-6789<\/span>\r\n                <\/p>\r\n                <p>\r\n                  E-mail: <span><a href=\"#\">email@helpmate.com<\/a><\/span> <br>\r\n                  <a href=\"#\">Get directions on the map <\/a>\r\n                <\/p>\r\n                <div class=\"social_icon_list var2\">\r\n                  <ul>\r\n                    <li><a href=\"#\" class=\"soc_icon icon_facebook\"><\/a><\/li>\r\n                    <li><a href=\"#\" class=\"soc_icon icon_twitter\"><\/a><\/li>\r\n                    <li><a href=\"#\" class=\"soc_icon icon_mail\"><\/a><\/li>\r\n                    <li><a href=\"#\" class=\"soc_icon icon_instagram\"><\/a><\/li>\r\n                  <\/ul>\r\n                <\/div>\r\n","filter":false},"11":{"title":"Newsletter","text":"<p class=\"contact\">Relevant. Low Frequency. Informative.<\/p>\r\n[mc4wp_form id=\"36\"]\r\n<h5 class=\"widget_title\">follow us<\/h5>\r\n<div class=\"social_icon_list var2\">\r\n                  <ul>\r\n                    <li><a href=\"#\" class=\"soc_icon icon_facebook\"><\/a><\/li>\r\n                    <li><a href=\"#\" class=\"soc_icon icon_twitter\"><\/a><\/li>\r\n                    <li><a href=\"#\" class=\"soc_icon icon_mail\"><\/a><\/li>\r\n                    <li><a href=\"#\" class=\"soc_icon icon_instagram\"><\/a><\/li>\r\n                  <\/ul>\r\n                <\/div>","filter":false},"13":{"title":"about us","text":"\r\n                <p>Lorem ipsum dolor sit amet, con \r\n                adipiscing elit. Aienean ac ilobor  \r\n                eu lobortis risus. <\/p>\r\n\r\n                <p>Nunc bibendumi eros iac dui dig\r\n                eget accumsan magna tristique. <\/p>\r\n\r\n                <a href=\"#\" class=\"button type1\"><span><span>buy theme<\/span><span>buy theme<\/span><\/span><\/a>\r\n","filter":false},"14":{"title":"newsletter","text":"<p class=\"contact\">Relevant. Low Frequency. Informative.<\/p>\r\n[mc4wp_form id=\"36\"]\r\n<h5 class=\"widget_title\">follow us<\/h5>\r\n<div class=\"social_icon_list var2\">\r\n                  <ul>\r\n                    <li><a href=\"#\" class=\"soc_icon icon_facebook\"><\/a><\/li>\r\n                    <li><a href=\"#\" class=\"soc_icon icon_twitter\"><\/a><\/li>\r\n                    <li><a href=\"#\" class=\"soc_icon icon_mail\"><\/a><\/li>\r\n                    <li><a href=\"#\" class=\"soc_icon icon_instagram\"><\/a><\/li>\r\n                  <\/ul>\r\n                <\/div>","filter":false},"15":{"title":"Newsletter","text":"<p class=\"contact\">Relevant. Low Frequency. Informative.<\/p>\r\n[mc4wp_form id=\"36\"]\r\n<h5 class=\"widget_title\">follow us<\/h5>\r\n<div class=\"social_icon_list var2\">\r\n                  <ul>\r\n                    <li><a href=\"#\" class=\"soc_icon icon_facebook\"><\/a><\/li>\r\n                    <li><a href=\"#\" class=\"soc_icon icon_twitter\"><\/a><\/li>\r\n                    <li><a href=\"#\" class=\"soc_icon icon_mail\"><\/a><\/li>\r\n                    <li><a href=\"#\" class=\"soc_icon icon_instagram\"><\/a><\/li>\r\n                  <\/ul>\r\n                <\/div>","filter":false},"16":{"title":"contact us","text":"\r\n                <p>\r\n                  London, UK <br>\r\n                  23, Can Avenue, Denver Hills\r\n                <\/p>\r\n                <p>\r\n                  Tel: <span>(888) 123-1234<\/span> <br>\r\n                  Mobile: <span>(012) 345-6789<\/span>\r\n                <\/p>\r\n                <p>\r\n                  E-mail: <span><a href=\"#\">email@helpmate.com<\/a><\/span> <br>\r\n                  <a href=\"#\">Get directions on the map <\/a>\r\n                <\/p>\r\n","filter":false},"17":{"title":"company","text":"\r\n                <div class=\"vertical_list\">\r\n                  <ul>\r\n                    <li><a href=\"#\">About Us<\/a><\/li>\r\n                    <li><a href=\"#\">Our Services<\/a><\/li>\r\n                    <li><a href=\"#\">Videos<\/a><\/li>\r\n                    <li><a href=\"#\">Blog<\/a><\/li>\r\n                    <li><a href=\"#\">Privacy Policy<\/a><\/li>\r\n                    <li><a href=\"#\">Sitemap<\/a><\/li>\r\n                  <\/ul>\r\n                <\/div>\r\n","filter":false},"_multiwidget":1},"helpmate_tabs":{"6":{"title":"","title_tab1":"","title_tab2":"","title_tab3":"","show_popular":true,"show_recent":true,"show_comment":true,"number":3,"number1":3,"number2":3},"_multiwidget":1},"categories":{"5":{"title":"Categories","count":0,"hierarchical":0,"dropdown":0},"3":{"title":"Categories","count":0,"hierarchical":0,"dropdown":0},"4":{"title":"Categories","count":0,"hierarchical":0,"dropdown":0},"_multiwidget":1},"recent-work":{"3":{"title":"Recent Work","number":5,"show_date":true},"_multiwidget":1},"tag_cloud":{"4":{"title":"Tags","taxonomy":"post_tag"},"3":{"title":"Tags","taxonomy":"gallery_tags"},"5":{"title":"Tags","taxonomy":"post_tag"},"6":{"title":"Tags","taxonomy":"product_tag"},"_multiwidget":1},"woocommerce_price_filter":{"3":{"title":"Filter By Price"},"_multiwidget":1},"woocommerce_product_categories":{"2":{"title":"Categories","orderby":"name","dropdown":0,"count":0,"hierarchical":1,"show_children_only":0,"hide_empty":0},"3":{"title":"Categories","orderby":"name","dropdown":0,"count":0,"hierarchical":1,"show_children_only":0,"hide_empty":0},"_multiwidget":1},"woocommerce_top_rated_products":{"2":{"title":"Top Rated Products","number":3},"3":{"title":"Top Rated Products","number":2},"_multiwidget":1},"woocommerce_products":{"2":{"title":"Featured Products","number":3,"show":"featured","orderby":"date","order":"desc","hide_free":0,"show_hidden":0},"3":{"title":"Featured Products","number":2,"show":"featured","orderby":"date","order":"desc","hide_free":0,"show_hidden":0},"_multiwidget":1},"woocommerce_product_tag_cloud":{"2":{"title":"Tags"},"_multiwidget":1},"nav_menu":{"2":{"title":"services","nav_menu":7},"3":{"title":"services","nav_menu":7},"4":{"title":"Our services","nav_menu":8},"5":{"title":"quick links","nav_menu":7},"6":{"title":"Services","nav_menu":97},"_multiwidget":1},"recent-posts":{"3":{"title":"Latest News","number":2,"show_date":true},"_multiwidget":1}}]