[{"blog_sidebar":["search-2","custom_html-2","mc4wp_form_widget-3","categories-6","tag_cloud-4","block-2","block-3","block-4"],"page_sidebar":["recent-posts-2","tag_cloud-2","recent-posts-3","block-5","block-6"],"shop_sidebar":["woocommerce_product_categories-4","berocket_aapf_single-3","berocket_aapf_single-2"],"shop_sidebar_left":["woocommerce_product_categories-3","woocommerce_top_rated_products-3","woocommerce_product_tag_cloud-3"],"shop_sidebar_right":["woocommerce_product_categories-2","woocommerce_top_rated_products-2","woocommerce_product_tag_cloud-2"],"info_header":["tm-contact-widget-2"],"popup_newsletter":["mc4wp_form_widget-2"]},{"search":{"2":{"title":"","widget-class":"widget-no-title"},"_multiwidget":1},"custom_html":{"2":{"title":"","content":"\r\n<div class=\"post-sidebar-sticky\">\r\n\r\n<img src=\"https:\/\/lusion.arrowtheme.com\/wp-content\/uploads\/2020\/08\/azamat-zhanisov.jpg\" alt=\"Party-ready\" \/>\r\n<div class=\"content-post-sticky\">\r\n<h4>MARIGOLD ROSE<\/h4>\r\n<span class=\"job\">Photographer &amp; Blogger<\/span>\r\n<p>\r\n\tIt is a long established fact that a reader will be distracted\r\n\t<\/p>\r\n<img src=\"https:\/\/lusion.arrowtheme.com\/wp-content\/uploads\/2020\/09\/logo-sidebar.png\" alt=\"Party-ready\" \/>\r\n\r\n<\/div>\r\n<\/div>","widget-class":"widget-no-title"},"_multiwidget":1},"mc4wp_form_widget":{"3":{"title":"Subscribe to my Newsletter","widget-class":""},"2":{"title":"","widget-class":""},"_multiwidget":1},"categories":{"6":{"title":"Categories","count":1,"hierarchical":1,"dropdown":0,"widget-class":""},"_multiwidget":false},"tag_cloud":{"4":{"title":"Tags","count":0,"taxonomy":"post_tag","widget-class":""},"2":{"title":"","count":0,"taxonomy":"post_tag","widget-class":""},"_multiwidget":1},"block":{"2":{"content":"<!-- wp:search \/-->"},"3":{"content":"<!-- wp:group --><div class=\"wp-block-group\"><!-- wp:heading --><h2>Recent Posts<\/h2><!-- \/wp:heading --><!-- wp:latest-posts \/--><\/div><!-- \/wp:group -->"},"4":{"content":"<!-- wp:group --><div class=\"wp-block-group\"><!-- wp:heading --><h2>Recent Comments<\/h2><!-- \/wp:heading --><!-- wp:latest-comments {\"displayAvatar\":false,\"displayDate\":false,\"displayExcerpt\":false} \/--><\/div><!-- \/wp:group -->"},"5":{"content":"<!-- wp:group --><div class=\"wp-block-group\"><!-- wp:heading --><h2>Archives<\/h2><!-- \/wp:heading --><!-- wp:archives \/--><\/div><!-- \/wp:group -->"},"6":{"content":"<!-- wp:group --><div class=\"wp-block-group\"><!-- wp:heading --><h2>Categories<\/h2><!-- \/wp:heading --><!-- wp:categories \/--><\/div><!-- \/wp:group -->"},"_multiwidget":1},"recent-posts":{"2":{"title":"","number":4,"show_date":true,"widget-class":""},"3":{"title":"","number":5,"show_date":false,"widget-class":""},"_multiwidget":1},"woocommerce_product_categories":{"4":{"title":"Categories","orderby":"name","dropdown":0,"count":0,"hierarchical":1,"show_children_only":0,"hide_empty":1,"max_depth":"","widget-class":""},"3":{"title":"Categories","orderby":"name","dropdown":0,"count":0,"hierarchical":1,"show_children_only":1,"hide_empty":0,"max_depth":"","widget-class":""},"2":{"title":"Categories","orderby":"name","dropdown":0,"count":0,"hierarchical":1,"show_children_only":1,"hide_empty":0,"max_depth":"","widget-class":""},"_multiwidget":1},"berocket_aapf_single":{"3":{"filter_id":3584,"custom_class":"","widget-class":""},"2":{"filter_id":3554,"custom_class":"","widget-class":""},"_multiwidget":1},"woocommerce_top_rated_products":{"3":{"title":"Top rated products","number":5,"widget-class":""},"2":{"title":"Top rated products","number":3,"widget-class":""},"_multiwidget":1},"woocommerce_product_tag_cloud":{"3":{"title":"Tags","widget-class":""},"2":{"title":"Tags","widget-class":""},"_multiwidget":1},"tm-contact-widget":{"2":{"title":"Quick contacts","desc":"","address":"924\/1 Cummerata Mission, Los Angeles, USA, Inc - 4852","phone":"+8 (800) 123 4589","mail":"lusion@gmail.com","time":"Monday: 13:00-18:00","widget-class":""},"_multiwidget":1}}]