[{"general-sidebar":["search-9","recent-posts-7","recent-comments-4","archives-9","categories-6","apr_contact_info_widget-5"],"blog-sidebar":["search-10","categories-7","recent-posts-8","archives-10","tag_cloud-2"],"recipe-sidebar":["apr_recipe_categories-2","apr-recent-recipes-2"],"knowledge-sidebar":["search-11","apr_knowledge_categories-2","apr-recent-knowledge-2","archives-11","tag_cloud-6"],"footer-newsletter":["mc4wp_form_widget-2"],"footer-menu":["nav_menu-8"],"footer-column-1":["apr_contact_info_widget-2"],"footer-column-2":["nav_menu-10"],"footer-column-3":["nav_menu-11"],"footer-column-4":["nav_menu-12"],"footer-column3-1":["nav_menu-13"],"footer-column3-2":["nav_menu-14"],"footer-column3-3":["nav_menu-15"],"footer-column3-4":["text-2"],"footer4-column-1":["apr_contact_info_widget-4"],"footer4-column-2":["nav_menu-16"],"footer4-column-3":["recent-posts-9"],"shop-sidebar":["woocommerce_product_categories-4","woocommerce_price_filter-3","woocommerce_products-4"],"single-product-sidebar":["woocommerce_recent_reviews-2"]},{"search":{"9":{"title":"Search"},"10":{"title":"Search"},"11":{"title":"Search"},"_multiwidget":1},"recent-posts":{"7":{"title":"Recent Posts","number":5},"8":{"title":"Recent post","number":4,"show_date":true},"9":{"title":"Recent Post","number":2,"show_date":true},"_multiwidget":1},"recent-comments":{"4":{"title":"Recent Comments","number":5},"_multiwidget":1},"archives":{"9":{"title":"Archives","count":0,"dropdown":0},"10":{"title":"Archives","count":0,"dropdown":0},"11":{"title":"Archives","count":0,"dropdown":0},"_multiwidget":1},"categories":{"6":{"title":"Categories","count":0,"hierarchical":0,"dropdown":0},"7":{"title":"Categories","count":0,"hierarchical":0,"dropdown":0},"_multiwidget":1},"apr_contact_info_widget":{"5":{"title":"Popular News","address":"19th Street, City, NY 95822, USA","phone":"0012 678 8899","fax":"","mail":"info@domain.com"},"2":{"title":"Contact","address":"19th Street, City, NY 95822, USA","phone":"0012 678 8899","mail":"contact@domain.com","link":"www.bonfire.com","fax":"1 916-875-2235"},"4":{"title":"Contact","address":"19th Street, City, NY 95822, USA","phone":"19168752235","fax":"19168752235","mail":"info@domain.com"},"_multiwidget":1},"tag_cloud":{"2":{"title":"Tags","taxonomy":"post_tag"},"6":{"title":"Tags","taxonomy":"post_tag"},"_multiwidget":1},"apr_recipe_categories":{"2":{"title":"Popular Categories","count":1,"hierarchical":1,"dropdown":0},"_multiwidget":1},"apr-recent-recipes":{"2":{"title":"Recent recipes","number":4,"show_date":false},"_multiwidget":1},"apr_knowledge_categories":{"2":{"title":"Categories","count":0,"hierarchical":0,"dropdown":0},"_multiwidget":1},"apr-recent-knowledge":{"2":{"title":"RECENT POST","number":4,"show_date":true},"_multiwidget":1},"mc4wp_form_widget":{"2":{"title":false},"_multiwidget":1},"nav_menu":{"8":{"nav_menu":98,"title":false},"10":{"title":"Categories","nav_menu":40},"11":{"title":"Information","nav_menu":41},"12":{"title":"Policies","nav_menu":42},"13":{"title":"Categories","nav_menu":40},"14":{"title":"Information","nav_menu":41},"15":{"title":"Policies","nav_menu":42},"16":{"title":"Cooperation","nav_menu":41},"_multiwidget":1},"text":{"2":{"title":"Newsletter","text":"","filter":false},"_multiwidget":1},"woocommerce_product_categories":{"4":{"title":"Categories","orderby":"name","dropdown":0,"count":1,"hierarchical":1,"show_children_only":0,"hide_empty":0,"max_depth":""},"_multiwidget":1},"woocommerce_price_filter":{"3":{"title":"By price"},"_multiwidget":1},"woocommerce_products":{"4":{"title":"Recent Products","number":5,"show":"","orderby":"date","order":"desc","hide_free":0,"show_hidden":0},"_multiwidget":1},"woocommerce_recent_reviews":{"2":{"title":"Recent Reviews","number":10},"_multiwidget":1}}]