[{"blog_sidebar":["custom_html-1","tm-posts-widget-8","categories-9","facebook-like-widget-4"],"shop_sidebar":["woocommerce_product_categories-5","brand-7","woocommerce_top_rated_products-5","woocommerce_product_tag_cloud-5","meta-8","recent-comments-10","rss-5"],"shop_sidebar_left":["woocommerce_product_categories-6","brand-8","woocommerce_top_rated_products-6","woocommerce_product_tag_cloud-6"],"shop_sidebar_right":["woocommerce_product_categories-7","brand-9","woocommerce_top_rated_products-7","woocommerce_product_tag_cloud-7","meta-10","recent-comments-12","rss-7"],"footer1-top":["tm-logo-widget-2","nav_menu-1","mc4wp_form_widget-4"],"footer1":["tm-social-widget-10","tm-contact-widget-14","tm-posts-widget-9"],"footer2-top":["mc4wp_form_widget-9","elementor-template-widget-13"],"footer2":["tm-contact-widget-15"],"footer3-left":["text-13"],"footer3-right":["tm-contact-widget-16","nav_menu-2","tm-social-widget-11"],"footer4-top":["elementor-template-widget-14"],"footer4-left":["tm-social-widget-12","tm-contact-widget-17"],"footer4-right":["text-14"],"footer5":["custom_html-3","mc4wp_form_widget-10"],"footer6":["text-9","text-10","tm-contact-widget-18","text-11"],"footer7-top":["elementor-template-widget-15"],"footer7":["tm-social-widget-13","recent-posts-8","tm-posts-widget-10"],"footer8":["elementor-template-widget-16"],"humburger_menu_sidebar":["media_image-3","text-12","tm-posts-widget-11","tm-contact-widget-19"]},{"custom_html":{"1":{"title":"","content":"<div class=\"banner-sidebar\">\r\n\t<img src=\"https:\/\/arrowit.arrowtheme.com\/wp-content\/uploads\/2019\/05\/banner2.jpg\" alt=\"banner\" \/>\r\n\t<a href=\"#\" class=\"btn-banner-blog\">Arrowtheme<\/a>\r\n<\/div>","widget-class":""},"3":{"title":"","content":"<p><a href=\"https:\/\/demo.arrowtheme.com\/arrowit\"><img class=\"alignnone size-full wp-image-315\" src=\"https:\/\/arrowit.arrowtheme.com\/wp-content\/uploads\/2019\/06\/logo-product.png\" alt=\"\" width=\"88\" height=\"19\" \/><\/a><\/p>\r\n<ul class=\"footer-social-networks\">\r\n \t<li class=\"fb\"><a href=\"#\"><i class=\"fa fa-facebook-f\"><\/i><span class=\"label\">Facebook<\/span><\/a><\/li>\r\n \t<li class=\"tw\"><a href=\"#\"><i class=\"fab fa-twitter\"><\/i><span class=\"label\">Twitter<\/span><\/a><\/li>\r\n \t<li class=\"be\"><a href=\"#\"><i class=\"fab fa-behance\" aria-hidden=\"true\"><\/i><span class=\"label\">Behance<\/span><\/a><\/li>\r\n \t<li class=\"vimeo\"><a href=\"#\"><i class=\"fab fa-vimeo\" aria-hidden=\"true\"><\/i><span class=\"label\">Vimeo<\/span><\/a><\/li>\r\n<\/ul>","widget-class":"col-lg-6  col-md-12 footer-logo-social"},"_multiwidget":1},"tm-posts-widget":{"8":{"post_type":"portfolio","title":"Recent Projects","cat":"recent_posts","show_thumbnail":1,"show_title":0,"show_categories":0,"show_date":0,"show_more_post":0,"num":6,"widget-class":""},"9":{"style":"01","cat":"recent_posts","show_thumbnail":1,"show_categories":0,"show_date":0,"num":8,"widget-class":"col-lg-4   col-md-6 footer-post","title":"Recent Projects","show_title":0,"show_more_post":1,"post_type":"post"},"10":{"post_type":"post","title":"Recent Projects","cat":"recent_posts","show_thumbnail":1,"show_title":0,"show_categories":0,"show_date":0,"show_more_post":1,"num":8,"widget-class":"col-lg-3  offset-lg-1 col-md-12 offset-md-0  footer-post"},"11":{"post_type":"post","title":"","cat":"recent_posts","show_thumbnail":1,"show_title":0,"show_categories":0,"show_date":0,"show_more_post":0,"num":8,"widget-class":""},"_multiwidget":1},"categories":{"9":{"title":"Categories","count":0,"hierarchical":0,"dropdown":0,"widget-class":""},"_multiwidget":1},"facebook-like-widget":{"4":{"title":"Find us on Facebook","page_url":"https:\/\/www.facebook.com\/arrowhitech\/","app_id":"arrowhitech","width":130,"show_faces":0,"show_stream":0,"show_header":0,"small_header":0,"widget-class":""},"_multiwidget":1},"woocommerce_product_categories":{"5":{"title":"Categories","orderby":"name","dropdown":0,"count":1,"hierarchical":0,"show_children_only":0,"hide_empty":1,"max_depth":"","widget-class":""},"6":{"title":"Categories","orderby":"name","dropdown":0,"count":1,"hierarchical":0,"show_children_only":0,"hide_empty":1,"max_depth":"","widget-class":""},"7":{"title":"Categories","orderby":"name","dropdown":0,"count":1,"hierarchical":0,"show_children_only":0,"hide_empty":1,"max_depth":"","widget-class":""},"_multiwidget":1},"brand":{"7":{"title":"Brands","count":0,"hierarchical":0,"widget-class":""},"8":{"title":"Brands","count":0,"hierarchical":0,"widget-class":""},"9":{"title":"Brands","count":0,"hierarchical":0,"widget-class":""},"_multiwidget":1},"woocommerce_top_rated_products":{"5":{"title":"Top rated products","number":5,"widget-class":""},"6":{"title":"Top rated products","number":5,"widget-class":""},"7":{"title":"Top rated products","number":5,"widget-class":""},"_multiwidget":1},"woocommerce_product_tag_cloud":{"5":{"title":"Tags","widget-class":""},"6":{"title":"Tags","widget-class":""},"7":{"title":"Tags","widget-class":""},"_multiwidget":1},"meta":{"8":{"title":"","widget-class":""},"10":{"title":"","widget-class":""},"_multiwidget":1},"recent-comments":{"10":{"title":"","number":3,"widget-class":""},"12":{"title":"","number":3,"widget-class":""},"_multiwidget":1},"rss":{"5":{"title":"RSS","url":"http:\/\/gpw.arrowhitech.net\/arrowtheme\/blog","link":"http:\/\/gpw.arrowhitech.net\/arrowtheme","items":1,"error":false,"show_summary":1,"show_author":0,"show_date":1,"widget-class":""},"7":{"title":"RSS","url":"http:\/\/gpw.arrowhitech.net\/arrowtheme\/blog","link":"http:\/\/gpw.arrowhitech.net\/arrowtheme","items":1,"error":false,"show_summary":1,"show_author":0,"show_date":1,"widget-class":""},"_multiwidget":1},"tm-logo-widget":{"2":{"show_logo":"show","des_site":"","widget-class":"col-xl-3 col-lg-12  col-md-12 footer-logo"},"_multiwidget":1},"nav_menu":{"1":{"nav_menu":19,"widget-class":"col-xl-6 col-lg-12 col-md-12 footer-menu"},"2":{"title":"Company","nav_menu":85,"widget-class":"col-md-3 col-6 footer-menu"},"_multiwidget":1},"mc4wp_form_widget":{"4":{"title":"","widget-class":"col-xl-3 col-lg-12 col-md-12 footer-mailchimp"},"9":{"title":"Newsletter","widget-class":""},"10":{"title":"Subscribe to newsletter","widget-class":"col-lg-6 col-md-12 footer-mailchimp"},"_multiwidget":1},"tm-social-widget":{"10":{"title":"About us","facebook":"#","twitter":"#","instagram":"","pinterest":"","google":"#","linkedin":"","youtube":"","dribble":"","behance":"","widget-class":"col-lg-4 col-md-12  footer-about","desc_title":"Lorem Ipsum is simply dummy text of the printing and typeset-ting industry. Lorem Ipsum has."},"11":{"title":"Follows Us","desc_title":"","facebook":"#","twitter":"#","instagram":"#","pinterest":"#","google":"#","linkedin":"","youtube":"","dribble":"","behance":"","widget-class":"col-lg-4 col-md-12 footer-social  footer-bt-left"},"12":{"title":"About us","desc_title":"Lorem Ipsum is simply dummy text of the printing and typesetting industry. Lorem Ipsum has been the industry's standard.","facebook":"#","twitter":"#","instagram":"","pinterest":"","google":"#","linkedin":"","youtube":"","dribble":"","behance":"","widget-class":"col-md-6 footer-social"},"13":{"title":"About us","desc_title":"Lorem Ipsum is simply dummy text of the printing and typeset-ting industry. Lorem Ipsum has.","facebook":"#","twitter":"#","instagram":"","pinterest":"","google":"#","linkedin":"","youtube":"","dribble":"","behance":"","widget-class":"col-lg-3 col-md-12  footer-about"},"_multiwidget":1},"tm-contact-widget":{"14":{"title":"Contact Info","posttype":"type2","desc_title":"","address":"66 Fulton Street, Suite 721","address_link":"#","address_2":"New York, NY 10010","address_link_2":"#","phone":"+88 (0) 101 0000 000","phone_2":"","mail":"youremail@yourdomain.com","mail_2":"","time":"","widget-class":"col-lg-4   col-md-6 "},"15":{"title":"","desc_title":"","address":"16122 Collins Street Victoria 8007 Australia","address_2":"","phone":"+ 01 - 909 - 980 - 0032","phone_2":"+ 01 - 909 - 980 - 0033","mail":"Info@company.com","mail_2":"Support@arrowapp.com","time":"","widget-class":"footer-contact col-md-12","posttype":"type3","address_link":"","address_link_2":""},"16":{"title":"Contact info","posttype":"type2","desc_title":"Lorem Ipsum is simply dummy text of the printing and typesetting industry. ","address":"66 Fulton Street, Suite 721,New York","address_link":"#","address_2":"","address_link_2":"","phone":"+88 (0) 101 0000 000","phone_2":"","mail":"youremail@yourdomain.com","mail_2":"","time":"","widget-class":"col-md-6 footer-contact"},"17":{"title":"Contact info","posttype":"type2","desc_title":"","address":"66 Fulton Street, Suite 721, New York,","address_link":"#","address_2":"","address_link_2":"","phone":"+88 (0) 101 0000 000","phone_2":"+80 (0) 101 0000 000","mail":"youremail@arrow.com","mail_2":"support@arrow.com","time":"","widget-class":"f4cf f4ci col-md-6"},"18":{"title":"Contact us","posttype":"type3","desc_title":"","address":"16122 Collins Street Victoria 8007 Australia","address_link":"#","address_2":"16122 Collins Street AHDJ 807 Australia","address_link_2":"#","phone":"+ 01 - 909 - 980 - 0032","phone_2":"+ 01 - 909 - 980 - 0033","mail":"Info@company.com","mail_2":"Support@arangi.com","time":"","widget-class":"col-md-6"},"19":{"title":"Contact info","posttype":"type2","desc_title":"","address":"66 Fulton Street, Suite 721","address_link":"","address_2":"New York, NY 10010","address_link_2":"","phone":"+88(0)1010000000","phone_2":"","mail":"youremail@yourdomain.com","mail_2":"","time":"","widget-class":""},"_multiwidget":1},"elementor-template-widget":{"13":{"elementor_template":"5635","widget-class":""},"14":{"elementor_template":"4739","widget-class":""},"15":{"elementor_template":"5659","widget-class":""},"16":{"elementor_template":"10464","widget-class":""},"_multiwidget":1},"text":{"13":{"title":"Contact Form","text":"[contact-form-7 id=\"6224\" title=\"Contact form 3\"]","filter":true,"visual":true,"widget-class":""},"14":{"title":"","text":"[contact-form-7 id=\"5501\" title=\"Contact form 2\"]","filter":true,"visual":true,"widget-class":"col-md-12 footer-contact-form f4cf"},"9":{"title":"","text":"","filter":true,"visual":true,"widget-class":"col-md-2 f6st"},"10":{"title":"Send a message","text":"[contact-form-7 id=\"5\" title=\"Contact form 1\"]\r\n\r\n&nbsp;","filter":true,"visual":true,"widget-class":"col-md-4 footer-contact-form"},"11":{"title":"","text":"","filter":true,"visual":true,"widget-class":"col-md-6"},"12":{"title":"Select Sidearea","text":"Populate the sidearea with useful widgets. It\u2019s simple to add images, categories, latest post, social media icon links, tag clouds, and more.","filter":true,"visual":true,"widget-class":""},"_multiwidget":1},"recent-posts":{"8":{"title":"","number":2,"show_date":true,"widget-class":"col-lg-3  offset-lg-1 col-md-12 offset-md-0 f7rp"},"_multiwidget":1},"media_image":{"3":{"size":"full","width":194,"height":49,"caption":"","alt":"","link_type":"custom","link_url":"","image_classes":"","link_classes":"","link_rel":"","link_target_blank":false,"image_title":"","attachment_id":3993,"url":"https:\/\/arrowit.arrowtheme.com\/wp-content\/uploads\/2019\/06\/logo-arrow-text.png","title":"","widget-class":""},"_multiwidget":1}}]