[{"general-sidebar":["search-2","recent-posts-2","recent-comments-2","archives-2","categories-2","meta-2"],"appointment-sidebar":["text-10"],"blog-sidebar":["search-6","categories-6","recent-posts-6","archives-8","tag_cloud-2"],"footer-menu":["nav_menu-2"],"footer2-menu":["nav_menu-14"],"footer-newsletter":["mc4wp_form_widget-3"],"footer-1-widget1":["text-30"],"footer-1-widget2":["nav_menu-19"],"footer-3-widget1":["text-29"],"footer-3-widget2":["text-28"],"footer-3-widget3":["text-27"],"footer-3-widget4":["text-31"],"footer-4-widget1":["nav_menu-15"],"footer-4-widget2":["nav_menu-16"],"footer-4-widget3":["nav_menu-17"],"footer-5-widget":["text-9"],"footer-8-widget1":["text-24"],"footer-8-widget2":["nav_menu-18"],"footer-8-widget3":["archives-9"],"footer-8-widget4":["nav_menu-21"],"shop-sidebar":["woocommerce_product_categories-2","woocommerce_products-2","yith-woocompare-widget-2"],"single-product-sidebar":["woocommerce_product_categories-5","woocommerce_products-5","yith-woocompare-widget-5"]},{"search":{"2":{"title":"Search"},"6":{"title":"Search"},"_multiwidget":1},"recent-posts":{"2":{"title":"Recent Posts","number":4,"show_date":true},"6":{"title":"Recent Post","number":4,"show_date":true},"_multiwidget":1},"recent-comments":{"2":{"title":"Recent Comments","number":4},"_multiwidget":1},"archives":{"2":{"title":"Archives","count":0,"dropdown":0},"8":{"title":"Archives","count":0,"dropdown":0},"9":{"title":"Archives","count":0,"dropdown":0},"_multiwidget":1},"categories":{"2":{"title":"Categories","count":0,"hierarchical":0,"dropdown":0},"6":{"title":"Categories","count":0,"hierarchical":0,"dropdown":0},"_multiwidget":1},"meta":{"2":{"title":"Meta"},"_multiwidget":1},"text":{"10":{"title":"Working Hours","text":"<ul  class=\"list-items-time\">\r\n<li><span>Mon<\/span><p>09:00 - 19:00<\/p><\/li>\r\n<li><span>Tue<\/span><p>09:00 - 19:00<\/p><\/li>\r\n<li><span>Wed<\/span><p>09:00 - 19:00<\/p><\/li>\r\n<li><span>Thu<\/span><p>09:00 - 19:00<\/p><\/li>\r\n<li><span>Fri<\/span><p>09:00 - 19:00<\/p><\/li>\r\n<li><span>Weekend<\/span><p>Closed<\/p><\/li>\r\n<\/ul>","filter":false},"30":{"title":"Work time","text":"<ul  class=\"list-items-time\">\r\n<li><span>Mon<\/span><p>09:00 - 19:00<\/p><\/li>\r\n<li><span>Tue<\/span><p>09:00 - 19:00<\/p><\/li>\r\n<li><span>Wed<\/span><p>09:00 - 19:00<\/p><\/li>\r\n<li><span>Thu<\/span><p>09:00 - 19:00<\/p><\/li>\r\n<li><span>Fri<\/span><p>09:00 - 19:00<\/p><\/li>\r\n<li><span>Weekend<\/span><p>Closed<\/p><\/li>\r\n<\/ul>","filter":true,"visual":true},"29":{"title":"","text":"<div class=\"info info-address\">\r\n\t<div class=\"icon\"><i class=\"pe-7s-map-marker\"><\/i><\/div>\r\n               <span>Address<\/span>\r\n                <p>123 Lorem ipsum dolor sit amet,   consectetur<\/p>\t\t\r\n<\/div>\t","filter":true,"visual":true},"28":{"title":"","text":"<div class=\"info info-mail\">\r\n\t<div class=\"icon\"><i class=\"pe-7s-mail-open\"><\/i><\/div>\r\n               <span>Email<\/span>\r\n                <a href=\"mailto:contact@barber.com\">Contact@barber.com<\/a>\r\n<\/div>\t","filter":true,"visual":true},"27":{"title":"","text":"<div class=\"info info-mail\">\r\n\t<div class=\"icon\"><i class=\"pe-7s-call\"><\/i><\/div>\r\n               <span>Phone<\/span>\r\n<a href=\"callto:+841234567891\">+84 (1) 234 567 891 <\/a>\r\n<a href=\"callto:+841234567891\">+84 (1) 234 567 891 <\/a>\r\n<\/div>\t","filter":true,"visual":true},"31":{"title":"","text":"<div class=\"info info-time\">\t\t\t\t\t\t\t\t\t\t\t<div class=\"icon\"><i class=\"pe-7s-clock\"><\/i><\/div><span>Working hours<\/span> \r\n<ul class=\"list-items-time\">\r\n<li><span>Mon - Fri<\/span><p>09:00 - 19:00<\/p><\/li>\r\n<li><span>Weekend<\/span><p>Closed<\/p><\/li>\r\n<\/ul>\r\n<\/div>","filter":true,"visual":true},"9":{"title":false,"text":"[contact-form-7 id=\"177\" title=\"Form Contact\"]","filter":false},"24":{"title":"About barber","text":"Aliquam tempor sagittis neque, vel aliquam risus consectetur vel. Aenean hendrerit, elit a lacinia suscipit, orci mauris vulputate mi, eu interdum nunc diam at ipsum. ","filter":false},"_multiwidget":1},"tag_cloud":{"2":{"title":"Tags","taxonomy":"post_tag"},"_multiwidget":1},"nav_menu":{"2":{"title":"Terms & Legal","nav_menu":29},"14":{"nav_menu":30},"19":{"title":"Company","nav_menu":30},"15":{"title":"Company","nav_menu":29},"16":{"title":"Quick Links","nav_menu":31},"17":{"title":"Shoping info","nav_menu":30},"18":{"title":"Archives","nav_menu":30},"21":{"title":"Company","nav_menu":29},"_multiwidget":1},"mc4wp_form_widget":{"3":{"title":false},"_multiwidget":1},"woocommerce_product_categories":{"2":{"title":"By Categories","orderby":"name","dropdown":0,"count":1,"hierarchical":1,"show_children_only":0,"hide_empty":0},"5":{"title":"By Categories","orderby":"name","dropdown":0,"count":1,"hierarchical":1,"show_children_only":0,"hide_empty":0},"_multiwidget":1},"woocommerce_products":{"2":{"title":"Recent Products","number":3,"show":"","orderby":"date","order":"desc","hide_free":0,"show_hidden":0},"5":{"title":"Recent Products","number":3,"show":"","orderby":"date","order":"desc","hide_free":0,"show_hidden":0},"_multiwidget":1},"yith-woocompare-widget":{"2":{"title":"Compare"},"5":{"title":"Compare"},"_multiwidget":1}}]